text,star
저게우리였으면  아무한테도연락안와서 밥만먹고끝났을듯 ㅜ ㅜ,10
"촬영 장소? 스케일? 다른 거 다 필요 없다. 최고의 배우들이 자그마한 식탁 위에서 최상의 요리를 만들어냈다. 어떠한 양념, 조미료도 필요하지 않았다.",10
다른 의미로 공포 영화.,8
서로를 잘 모르기에 함께 살 수 있는 우리들,10
올해  최고의 블랙코미디. 유해진의 연기는 믿고 봅니다.,10
음향감독님 칭찬은 없네요ㅠㅠ 이서진 벨소리 울릴때마다 심장 쫄렸는데,10
57세 키티는 최고!! 간만에 배아프게 웃으며 봤습니다 ^^,10
윤경호라는 배우의 대발견.. 큰 배우들사에서도 전혀 꿀리는거없이 존재감 제대로 사네,10
요즘 망해가는 한국영화들중에 젤만족스러웠다 막장같은 스토리임에도 깔끔한연출과 배우들의 미친 연기력땜에 쫄리면서도 계속웃겨서쉴틈을 안줌 ㅋㅋㅋ,10
35라고 생각했지 57은 정말 생각도 못 했다.,10
꿀잼 허니잼 !!조진웅씨랑 결혼하고싶은생각이 드는영화 ㅠ 강추,10
"게임을 한 후, 하기전 어떤것이 최선의 선택인지 아직도 모르겠다",10
제작비 수십억씩 때려박은 영화들 뺨때리네. 혼자 기대없이 보러갔다가 시간 아깝지않게 봤습니다.,10
염정아 연기 진짜 미쳤다ㅠㅠ...개인적으로 연기 정말 잘한다고 생각하는 배우 연기 스펙트럼 정말 넓다,10
"명배우들 대사 핑퐁이 그렇게 신나고 재밌는 줄 몰랐다.역시 프로들은 다른가보다, 마치 올림픽 탁구 경기를 보는 느낌이였다.",10
고오급 드립의 향연 속에서의 배우들의 편안한 연기에 매료되어 빵 터지기도 했다가 간 쫄리기도 했다가 관중을 들었다 놨다 아주 미친 영화,10
누구든 남들에겐 보이기 싫은 비밀이 있고 그게 드러날까 조마조마하는 마음. 영화 보는 내내 나도 불편한 마음을 느꼈다. 극화시킨 느낌은 있지만 볼만했고 인간관계나 사람의 본심에 대해 생각하게 하는 영화.,10
저게 현실이라면 결혼하면 안되겠다,2
오랜만에 만나는 웰메이드 영화.,10
별 10개줘도 아깝지 않음 이서진 오랜만에 영화 굳이엇음,10
인간관계의 모든것...진짜 너무 적나라하다ㅜ,10
갑자기  아이폰 사파리 검색기록을 지워야겠다는 생각이 문득 들었다.,10
개그적인 요소때매 웃긴 부분은 많음. 하지만 내용이 불쾌해요. 먼저 평점남기신 분 말마따나 남자들의 더러운 뒷얘기를 듣는기분.,5
"웃긴장면이 있는거지, 웃기거나 재밌는 영화는 아닌듯",1
내 웃음 포인트가 남들과 다른가? 코미디 영화를 보고 싶었는데 오히려 이 영화 보고 나니 기분이 다운됨. 중간 중간 웃기는부분은 있지만 전체적으로 심각한 상황이라 웃음이 안 나옴.,4
2시간 동안 가정이 파탄나는 꼴만 봤음 참 찝찝하고 불편하고 기분 안좋았던 영화,1
사람들은 세가지삶을 가지고있다,10
여자친구랑 보지마세요,2
"'재미있으면 공감,재미없으면 비공감'이런거 안따지고   강추!  유해진너무웃김ㅋㅋㅋㅋ",8
이 영화보면 혼자 살고 싶어짐 ^^,1
동성애를 실컷 웃음코드로 쓰고 마지막엔 억지훈계식 결말. 그게 두번 죽이는거다. 당연하단듯 불륜을 숨겨주는 남자들의 의리 또한 웃음코드여서 불쾌했다.,1
남자들의 우정이란게 이런건지 수준낮은 영화,1
불륜 동성애를 웃음으로 만드는 막장 영화 남자들 의리인척 불륜 감싸는것도 웃김,1
왜난재미없지? 내가이상한가,1
와~~ 인간관계대한 묘사를 너무 잘 하시네요.  영화속 영배역할 대사가 공감백배 연기도 잘하시고 멋진 배우이시고 강력 추천입니다!!!,10
본 영화 중 가장 불쾌한 영화. 이런 영화가 평점이 높다는게 신기하고 충격적이다,1
아저씨들이 좋아할 것 같은 영화..,2
"어디서 웃어야할지,  이게 웃으라고 넣은 내용인지 이상한것들이 많았다. 보던중 뛰쳐나올꺼 꾹 참고봤다 그만큼 불편했다",1
저는 이 영화의 평점이 왜 9점대인지 모르겠습니다. 사람을 의심하게 만드는 느낌을 주네요. 등장인물이 거의 다 불륜처럼 드러나있고 하물며 의사소통하는 이성관계는 전부 불륜처럼 느끼도록 그려놓았네요. 과연 이 영화의 ...,1
"판타지는 잠시 접어두고 인간의 이면과 본성을 위트있게 드러낸 영화. 관계에 대해 생각할거리를 많이 던져줍니다. 명대사도 아주 많아요. 올해 처음으로 만족스러웠던 한국영화, 한번 더 보러가려고요. 배우들의 연기력이야 ...",10
진짜 기대 이상.. 혼영하기에 딱 좋은영화입니다!!!!배우들 연기력도 진짜 몰입도 장난아님!!강추합니다!!!,10
재미도 없고 감동도 없고 시대만 역행하는 영화인것같네요개그 소재이면 안되는 것들이 너무 많이 희화화돼서 불쾌합니다,1
이 영화의 내용이 재미있다고 생각하나요?요즘 안그래도 남녀불신이 심각한데 관람 중간 더럽다는 생각에 보다가 나왔네요,1
1점도 아깝다. 이걸 코미디라고 찍었는가? 끔찍한 인간들을 비밀의 삶도 있다 하며 합리화 하고 여적여 구도를 만들질 않나 아내에게 행하는 가정폭력이 보는 내내 너무나 끔찍했다. 시대흐름을 정말 못 읽는 감독이다. 돈...,1
기분 더러워지는 영화 돈 아깝다,1
분명히 웃기고 개그적인요소들이있으나 다루는내용이불편하고 마냥웃기지많은않음 그리고 결론적으로 영화에서 무슨메세지를전하는건지모르겠음 커플들여럿싸울듯 그리고 안드로이드폰 아이폰비교할때라던지 빅스비라던지 저게 여기서왜나오지...,1
"보는내내 불편,,, 뭐가 재밌는지 1도 모르겠다 믿거,,,",1
영화 감상 후 찝찝함이 가장 크게 남았다,2
최악 대사도 저렴함불륜 성희롱 외모비하 동성애비하 최악인것들은 다 갖춤 아직도 시대의 흐름을 못읽는 최악의 영화,1
웃기지도 철학적이지도 않은 그저 기분나쁜 영화.,1
완전 노잼...불쾌한 영화였다.,1
오션스 일레븐 같은 라인업으로 느껴지는 영화! 인물들의 주고 가는 드립과 찰진 리액션들이 볼만해서 시간가는줄 몰랐어요,10
이거 보지말고 보헤미안 봐라 아씨...훨씬  돈값한다,2
별한개도 아까워요. 보고나면 기분나빠,1
움 내가 본거에 비해 평이 엄청 높네 알반가 ㅋ,2
"하나도 안웃기고,비하하면서 희화하하는 것도불편하고 심각한내용해막장 삼류영화 불쌍했음너무 현실을 담아내서보는 내내 갑갑하고암걸릴거같았어요....코미디고평점좋아서기대했는데영화후 암걸린거같아요...영화평점은 처음남겨보내요...",1
엥 관람객평점 왤케 높음...? 영화에서 환멸느끼고 평점으로 세상 환멸을 또 느끼네 평점은 왜 0점 줄 수 없는 건가요,1
기발하고 신나게 웃을 수 있고 매우 재밌다!,10
"여러분, 다들 노잼영화 노잼영화 하시죠. 이건 노잼을 넘어서 분노 유발 영화에요. 스트레스만 쌓입니다. 남자들이 문제다라는 인식을 바탕으로 만든 영화입니다.",1
이걸 영화라고 만들었네,1
알바쩌넼ㅋㅋㅋㅋ딱 수준낮은 아저씨들이나좋아할감성임 영화보자마자 아재가만들었겠네싶었음 그리고 답답하고 기분나쁜영화임 중간중간웃기기도한데 딱그뿐임..,1
비밀도 정도껏이지. 배우자 생각해서 저질러선 안 될 짓을 해놓고 사람은 누구에게나 비밀이 있다 이런 식으로 교훈 주려고 하면... 이게 참...,4
보는 내내 불편했던영화.. .결말까지 뻔한 뻔뻔한영화...일부의 비밀스런 이야기를 누구나의 일처럼 포장하려하는 과장된 못된영화 이탈리아영화  퍼펙트스트레인저스 원작을 리메이크하다보니 우리정서상 맞지않는 내용을 웃기려...,1
불쾌함이란 덩어리를 웃음이라는 포장지로 덮은 영화,4
휴 1점도 아깝다....,1
영화보고 화나고 너도 저럴거냐고 하게되고 저녁에 남친 바람피는 꿈 꾸고 계속 우울해짐 평점에 재밌다고 해서 갔지만 바람이나 남친에게 상처받았던 사람이 보면 안되는 영화인듯,1
영화 시작부터 기분 나빴음. 배우들의 연기력 덕분에 웃음 포인트가 몇 곳 있지만 전체적으로 억지스럽고 결말도 개거지 같았음. 내 인생 최악의 영화 베스트3에 뽑힘. 영화의 80%를 개정색하고 봄. 중간에 나오고 싶었...,1
이런 영화는 별 한개도 아깝네요,1
기분 나쁘고 더러운영화 도대체 뭘 말하고싶으셨던건지 역겹다그리고 난19금도영화인줄알았다 보는내내역겨움뿐 내돈주고 봐서  땅치고 후회중이다.,1
시대 흐름 존나 못읽죠~,1
평점이 왜이리 높은걸까... 배우들의 연기력으로 그나마 살린 영화인듯.. 불편한장면 뿐아니라 스토리 별로 그닥.. 비추,4
이렇게 한심한 영화는 첨이다ㅉㅉ,2
보고나서 이거 보자해서 미안하다했어요....다음 영화는 신중하게 골라야지!,1
눈치 싸움 영화라고 해도 과언이 아님 ㅋㅋ 스릴감 좋으네요 ㅋㅋ 그냥 볼만합니다. 한번 씩은 보세요,8
재밌게보았습니다ㅋㅋ,10
노잼ㅋㅋ댓글 알바들 진짜 그러지좀맙시다 ㅋㅋ,2
이거 손인분기점 이미 달성했을 듯... 제작비 1억 들었을 듯 ㅋ 3일 촬영에 ㅋㅋ,2
최악이다 쓰레기영화 보는사람 믿고 거른다,1
ㅎㄴ감성의 범벅 ㅗㅇㅇㅗ,1
영화 보는 내내 기분 나빠요,2
내가 뭘 본건가...평이 너무 좋은 게 이해가 안되네요여지껏 본 영화중에 제일 정색하고 봤습니다연기 잘하시는 배우들이라 믿고 봤는데 와..,1
이게 뭐가 신선한다는거지?불륜소재..유치함 이런 영화가 월메이드?보헤미안 랩소디를 한번 더 보겠응,1
스토리가 빻음. 이게 웃음으로 넘길 일인가.. 저질스러움,1
중간중간에 불편했어요,1
난 별로 재미없던데...ㅎ,4
재밌는 포인트를 잘 모르겠어요ㅠ,1
ㄱㅐ쓰레기같은 영화; 돈 날리지마세요,1
진심 평점에 속지마라. 웃음 포인트는 분명 있다. 하지만 영화가 주는 메시지가 없을 뿐더러 있다고 해도 저질이다. 특히 결말은 욕이 나올 정도로 성의가 없었다.,2
재밋다며?ㅡㅡ 장난하나,1
저질영화예요 재미있다는 평점과 배우님들때문에 믿고봣는데 재밋는 부분은 두군데 정도있고 감동도 교훈도 그렇다고 엄청 코믹하지도않고 진짜 별로내요 ㅋㅋㅋㅋ,1
4-50대 아재들이나 좋아할듯,1
돈주고 여혐과 동성애 혐오봄 ㅅㅂ,1
본인이 재미있다고 모두가 재미있을거라고 생각하는 것 자체가 무식하다고 생각한다. 네 개그 코드에 맞다고 모든 사람이 다 그 개그 코드에 맞다고 생각 하는 건가?,1
소재는 신선했으나 우리나라의 선비 문화는역시...,1
진심 속았다... 내 인생 2번째로 최악의 영화...,1
별 한개도 아까움 불쾌한 영화 절대 보지 마세요,1
여자로써는 보는 내내 불편했던 영화,2
평점 보고 봤다가 완전 낚였다 최고로 살면서 처음으로 평점 준다 0 점,2
어떤 맥락에서 웃어야 할지 모르겠다. 혐오를 개그로  가장시킨  보기 불편하고 찝찝한 영화..,1
"처녀 강조, 가슴부터 시작해서 서로 품평질에 불륜은 당연한 것이라 말하는 비혼 조장 영화. 성별에 따라 영화 후기가 아주 극과 극이네요. 이게 현실인가봅니다",1
블랙코미디가 아니라 그냥 블랙에 가까워요. 혐오가 가득 담긴 영화,1
대사 너무 빻았어요...,1
뻔한 이야기 뻔한 전개....,2
눈치빠른사람은 보지마셈 스포당하고 본기분임 뻔할거같아서 안볼라다 걍기대안하고 보자했는데 이왕 뻔할거면 궁금한장면을 보여주지 정작 불필요한 안궁금한 장면만 잔뜩 보여줌 축구보는데 해설 더럽게 못하는느낌그냥 가볍게 볼정...,2
"인생 최악의 영화입니다.개연성, 논리성 다 떨어지고 중간에 몇번이나 나오고 싶었지만 돈아까워서 있었는데 시간낭비 했네요. 더러운 소재로 웃기고 야하고 막장인 영화입니다. 57세 키티 다들 웃겨하시는데 그게 엄연한 바...",1
"웃음이라는 감정을 미끼로1. 동성애 감성팔이 2. 남자는 다 문제, 여자는 한명빼곤 문제없다는 페미니즘적 사고 3. 정상적인 연인 또는 부부의 믿음에 불신 조장 4. 불륜과 비밀스러운 동기부여를 통한 결혼에 대한 불...",1
최고의 배우들과 최고의 연기!!!! 우리나라에서 쉽게 접하지 못했던 영화였어요~내 모든것을 공유하는 핸드폰!! 요게 참 무서운 놈으라는 생각을 다시한번 했어요 ㅎㅎㅎ두번 세번 봐도 아깝지 않은영화!!!특히 조진웅씨 ...,10
알바들 왜케 풀었냐 ! 정말,1
보는내내 불쾌하다 사랑과전쟁2 보는느낌,1
재미하나도 없던데 내가 이상한건가?,1
와 평점리뷰 보통 안 쓰는데 이영화 진짜 최악1점도 아까움,1
나만 그렇게생각해..?,1
여혐에 동성애 조롱하는 느낌에비혼다짐하게 하는 영화 그나마 조진웅이 딸한테 하는 말이랑 마지막에게이친구의 대사만이 와닿음. 니네눈빛에 상처받을거라고.캐릭터들이 다채롭게 별로...^^40년지기 친구라하는데 얄팍하고도 ...,1
영화내에서 웃긴부분은 있지만 그렇게 재밌는영화는 아닌것 같네요. 영화 내 남자주인공들은 그냥 쓰레기아닌가요,1
진짜재미없음 기대하면안됨,2
별하나도 아까움/ 알바 쓰나 왜 평점이 좋지.ㅋㅋㅋㅋ 이해 1도 안됨 남의 가정사 파탄나는걸 내가 왜 보고있나. 결국은 다 허상이였다는 어이없는결론 시간낭비,1
다 좋은데 이태리 영화 리메이크 한거 숨기고 제발 한국 영화인척 하지마라 프랑스등 6개국에서 리메이크 하고 연극으로도 만들어질 만큼 원작이 탄탄한 덕을 본 영화를 와 창작 영화인척 하는거야??,2
비밀스러운 삶은 덮는게 낫다? 하고 싶은 이야기가 뭔지?,2
작중 캐릭터들이 거의 일베급. 코믹으로도 덮이지 않는 일베냄새..감독이 도대체 뭘 의도한 건지? 남자들 현실이 이러니 여자들아 비혼해라 이건가;; 누가봐도 저게 비정상인데 우리 다 그렇게 살잖아 하니까 내가 이상한건...,1
동성애자 혐오 여성 혐오 발언이 가득한데 그게 웃음으로 소비된다는 게 화나고 속상하네요,1
별점 1도 아깝네요. 보다 중간에 나왔습니다. 댓글 알바 적당히 좀 하시길. 혐오 끝판왕 영화였습니다! 평점 조작 오짐,1
인셉션이 생각났다 ㅋㅋ,10
"리뷰 처음 써보네요 이런 영화가 평점이 이리 높다니요가정폭력, 불륜 이런요소를 웃음거리로 만들고더러운 남자들의 세상을 누구든 비밀은 있다라는 말로 ,또 의리로 덮어버리고.진짜 최악이네요 보는 두시간 내내 불편해서 웃...",1
이게 재밌음 ? 비현실적이고 오글거리고.. ㅆ노잼..줄거리 진심 말이 되냐 ㅋㅋㅋ,1
"와 평점 왜이렇게 높은거지? 진짜 영화 보는 내내 역겹고 토쏠렸다 동성애 혐오 요소를 개그코드로 넣는게 재밌나? 관객들이 웃는 그 모든 부분에서 소름돋았다. 현실이 이렇구나 이런 영화가 이렇게 성공해서야,, 그남들의...",1
끝나고 박수치고싶었음 마무리까지 완벽함 정말로,10
소재자체는 신선했지만 (이탈리아 원작?) 메시지를 전달하기까지의 과정이 저급한.,1
왜 0점은 줄 수 없지.. 옛날 구식 혐오 발언들로 넘쳐나는 개그들.. 끔찍합니다. 도망쳐요..,1
"웃긴 장면이 있는건 사실이다 하지만 그 장면에서 웃어주고 싶지 않았다혐오를 웃음 코드로 쓰는 영화, 그 자체에 환멸이났다",1
평점알바 대박.. 알바도 작작해..,2
웃을려고 갔다가 더 우울해지는. 이 영화 왜 봤는지 정말 이해가 안가는. 스토리도 구성도 진짜 없는 그지같은 영화. 보는 내내 나갈까 말까 계속 고민했습니다.,1
창궐 피하려다...똥밟았다 2시간동안 말장난 가정파탄 말싸움뿐 교훈도없고 재미도없고 감동도없다.돈주고 보지말고 짤로보세요 시간아깝네요,1
평점이 왜 이렇게 높은 걸까... 도저히 웃을 수 없는 장면에서 웃는 사람들을 보며 씁쓸한 기분이 들었다.,1
제발 무언가 찔리는게 있으신 남성 여성 커플분들 이영화 절대로 보지 마세요 진짜 큰일납니다,10
모든 사람을 싸잡아서 비밀행동이 있다고 말하는건 좀 아닌듯,1
별점주기도아까운영화인데요? 댓글알바인가 뭔내용인지모르겠고 갑분싸입니다 진짜 추천안해요 돈아까운거 그렇다치고 너무 허무하고 이제기억도안납니다,1
집에서 딱 무료로 받아서 보면 대요,1
어디서부터 지적해야할지도 모를정도 쓰레기 영화,2
처음에 이서진이 아내 가슴 감싸쥐며 백허그 할 때부터 기분 나쁜거 참고 보는데 한마디 한마디 다 격이 떨어져서 보고나서 어이없는 웃음짓고 나왔습니다.,1
"저렴한 대사, 대상에 대한 혐오를 웃음포인트로 승화 , 혐오스럽다",1
그냥 미친 쓰레기 영화임,1
스토리나 구성이 전혀 공감되지 많는 막장 영화네요 ㅉㅉㅉ,1
제가 원래 후기 게시글 작성 잘 안하는데 이건 너무 해도해도 너무해서 남깁니다. 진짜 OO노잼입니다.,1
신선했지만 보는내내 불편한 영화,4
제목만 완벽이고 영화는...글쎄,1
시시하고 뻔함..지루함..뭘얘기하고 싶은질 모르겠음...그와중에 흐뭇한 결말은 어이긴 없을지경.그나마 박민수씨가 조금 살려줌,5
오늘 개봉인데 아침부터 댓글쓰는 사람들은 뭐죠,6
재미없었습니다 기분 불쾌해지는 영화,1
여친이랑 헤어짐ㅠㅠㅠ,1
억지 설정의 극치. 영화라는것을 감안해도 이런막장이 어딨나싶더라. 결말은 철학적인 명언으로 마무리. 억지스러운것 투성이인데 이런게 평점 구점이 넘는것보면 영화 보는 수준이 너무 개돼지같다싶기도함.. 내가 수준이 뛰어...,1
쓰레기 영화 ㅎㅎ 보면 기분 더러워짐 여혐 범벅,1
어느타이밍이 재밋어지는지 기다리다 끝낫다!,2
내가 본 영화 중 완벽한 실패인 영화,1
기대안하고봤는데 잼있네요연기잘하시는분들이라 한편의 연극같아요,10
개찝찝하게끝남 뭐가재밌지 불쾌하다,1
"양념,조미료 완전 많이 넣었는데 없는척 하는 영화.",2
기대를너무많이했나아쉽다,4
이서진 연기 왜이렇게 못해요?; 말할때마다 진짜.. 한숨밖에 안나오던데 ㅋ스토리는 말할필요도 없이 더럽고 추해요^^보는 내내 불편해 죽는 줄 알았네요 ㅋ이런게 왜 1위인지도 모르겠넹ㅋㅎ이거 재밌다는건 알바에염??ㅋㅋ...,1
저질스러운 웃음 포인트가 있다고해서 재밌는 영화라 부를 순 없다.,1
"OOO같은 영화. 유해진이 억지로 웃음캐리 하다가 개막장스토리 감당 안되니까 감독이 인셉션연출 똑같이 모든것이 꿈이었다 치트키씀. 불륜 걸리지말고 하자는 미화 극혐, 성소수자옹호 극혐, 개막장 불륜임신은 숨기고살자 ...",1
보다가 나왔음ㅋㅋ웃으려고 노력을해도 인상만 찌푸려짐,1
존나 빻음... 의식 수준 보소 보는 내내 개빡쳤습니다,1
별로 불편하게 했던영화,1
나참 이게 웃긴가?억지스런 상황 설정과 시나리오..더구나 수습도 못하고 허무한 결말까지..관람 후 나오는 순간에나도 반지를 돌려서 이 망작 안고르고그냥 드라마나 볼껄 하는 마음이 간절하던데..,2
평점이왜높은줄모르겠는데..너무평이좋아서 진심깜짝놀랐네요,2
보다가 나왔다 뭐가 이리도 복잡하고 숨기고 감추고 그러는지 너무 씁쓸한 현실에 썩소만 남기다 나온다,1
집중력 굿. 연기력 굿!!!!,10
진심 노답ㅋㅋㅋㅋ 걍 불륜영화임 감동도 교훈도x불륜걸릴뻔 하다 가까스로 안걸림 > 이걸 우스꽝스럽게 표현해서 웃음유발 이딴식이라 저질같고 뭐 어쩌자는건지...? 걍 동물의왕국 멀쩡한 사람들만 불쌍.. 안걸림 끝...,1
"여적여 코드, 불륜과 동성애를 웃음거리로 삼는 것, 불륜을 숨기는게 남자들의 의리라고 하는 것. 철학적인 면도 없고 그냥 여러모로 빻은 영화. 기분 불쾌했다.",1
별 반개도 아깝다 10점 알바아님?,1
뭐가 재미있다는 건지?평점에  속아 본 기분..,2
알바에 점령당했네ㄷㄷㄷ,6
"비밀과 비도덕을 구분하지 못하는 감독이 만든, 엄청난 메세지와 예술성을 담은 듯 포장된 쓰레기",2
"영화관 알바생입니다. 이거 볼 바엔 보헤미안 랩소디 추천 드립니다...정~~말 완벽한 한국영화...어디에서 웃어야 할지도 모르겠고, 이상한 마무리.. 저는 무료로 봤지만 상영관에서 만원주고 볼 영환 아니라고 생각합니...",1
후반에 살짝 아쉬운전개 ㅜㅜ,5
"굉장히 불편했던 영화.예고편보고 기대하고 봤는데 엄청 실망하고 기분 개떡같아짐.굉장히 신선한 주제라고 생각했는데,그게 왜 이따위로 풀어내지는건지 최악의 영화.가십거리 자극적인걸로만 짜여진 내용에 말도안되는 전개. 진...",1
"너무 별로였음. 진지하고 신중하게 다가가야하는 동성애,불륜,그리고 이혼이나 그런요소들.. 희극적이게 만들려는 요소는 좋았으나 별로 유쾌하지 않고 불쾌했던 부분이 더 많았다. 추천하지 않는다.",1
시사회로 봤는데 진짜 재미있습니다.ㅋㅋㅋ배우들 케미가 좋아요ㅋㅋㅋ,10
나는 찔릴게 하나도 없었음에도 불구하고 주제 자체가 너무 불편하고 불편했다..,1
절대 저정도 평 받을 영화아님,1
"어,,재미있었다,,참으로,,",1
시대 흐름 못 읽은 쌍팔년도 감성을 떠나 너무 재미가 없어서 시간 아까운 영화. 염정화 배우님 연기 하나 건져서 1점,1
"진심 웃질않는 편이긴 하지만... 유해진, 말고는 웃기지도않고 재미도없고 스토리도 막장이고... 1점은 불쌍하지만 현재 평점이 너무 심각해서 1점준다",1
기분나빠 친구의 남친여친은 건들지 말자 좀,1
"평점이 왜 높은지 이해할 수 없다성희롱, 동성애 등 우숩게 만들어버리면서 결론 불륜으로 합리화. 불륜아니면 소재가 없나?ㅎ돈주고보지마세요 그정도아닙미다. 덕분에 보헤미안 랩소디의 소중함 느끼고 갑니다...",1
진짜 드러운 영화 기분이 더럽고 싶으면 봐도 좋다,1
초반 지루하고 등장인물 많아 관계파악까지 한참 걸립니다. 마지막은 어이가 없네요.,1
영화티켓 살 돈으로 스타벅스 커피 3번 사먹으세요,1
불쾌하고 돈아까웠음....,1
아니 결과 뭐지 급하게 해피엔딩 ㅋㅋ 이게  반전인가 내가 졸았던건가?,1
ㅁㅊ 연인이랑 보면 진짜 의심 존나해 이거 보지마셈,2
초반은 웃었으나 뒤로갈수록 불륜.외도.동성애조롱.섹드립으로 불쾌해진다 . 내 애인혹은 배우자가 친구혹은 지인이랑 바림피는 중일지도 모르니 상쳐받기 싫으면 폰을 보지말라는 교훈을 주는 영화  결말두  파리의연인 생각났...,1
쓰레기같은 영화.. 절대 보지말것. 온갖 혐오가 범벅된 영화에 웃는사람들의 수준이 의심될 정도,1
재미없고 보고나서 찝찝하고.. 평점이 높은 이유를 모르겠어요. 난 디게 잼없던데..,1
등장인물은 믿을 수 없는 상황에 울고 있는데 관객은 웃게 만드는 기괴한 영화. 웃으면서도 부끄러웠음.,4
역겨운 영화.. 정말 이렇게 사십니까?,1
오늘 보헤미안과 완벽한 타인 둘 전부 봤다.이게 1위라는게 그저 창피할따름이다.집에서 다운받아 보시길,6
로그인해서 처음으로 평점남겨보네요 개인적으로 보고나서 되게 찜찜한 영화예요..왜 이렇게 평점이 높은건지...마냥 웃을수없는 영화인데... 전 별로였어요,1
밑에댓글다알바.. 남는거없음 중간중간 웃긴 포인트가끝 누구 의심할수잇는영화,2
찝찝함만 남네요 보지마세요,1
와.... 이렇게 저급하고 상스러운내용의 영화가 재밌다고????,1
인간의 내면과 본성? 배우자 냅두고 다른 여자 임신시키는게 인간의 내면과 본성? 그냥 지들이 저질 싸구려 인생 사는걸 모든 인간들은 조금씩 다 그렇다고 포장하려 함 찔리는 인간들 합리화하긴 딱 좋겠네ㅋㅋ영화내내 불쾌...,1
감동도 즐거움도 없었을 뿐더러 무슨 교훈을 담고 있는 건지....? 코미디라고 하더라도 결말이 찝찝하네요. 보는 내내 불편했습니다.,1
코믹영화인척 SNS에 알바 판치는거 같은데 내용 전반적으로 너무 무겁습니다. 코믹영화인줄 알고 가족끼리 보러갔는데 돈 너무 아까웠습니다.,1
뭔가 찝찝한게 그닥 기분이 좋지는 않아요,1
불쾌한영화 어처구니없는 설정,1
노잼이예요 입소문났다는거 보고 봤는데 이런낭패가..,2
양심 없는 쓰레기자식들.. 제작비용 출연료에 필름값 밖에 안나옴.. 진짜 필름값 대비 이딴영화 흥행시키면 한국영화는 퇴보될수 밖에 없음.. 내용도 그지같아서 아침 막장 3류드라마 보는것 같은 느낌이였다.. 진짜 이딴...,1
혐오로 가득 찬 영화. 노잼,1
예상 가는 이야기였고 보고나서 찝찝하다.,4
아이디어는 좋으나.. 처음부터 끝까지 괴롭게 지루하던데.. 평점 좋다고 이 영화 보자고 친구 끌고간게 미안할뿐.. 남들은 왜 재밌다고 하는지 신기하네요,2
재밌다고해서 봤는데. 진짜 찝찝한영화네요. 불륜천국,2
두시간동안 술자리에서 친구들이 싸우고 신경전 벌이는걸 지켜보는 기분이다.가끔씩 웃음포인트라도 없었으면 숨막혀죽을뻔,1
오늘도 알바들이 열일하는중,1
"조진웅이랑 결혼하고싶어진다는 사람은 뭐지ㅋㅋㅋㅋ집안을 말아먹고 싶으시다는 건가요? 전체적으로 동성애, 불륜을 유머로 삼는게 전부인 정말 기분나쁜 영화였습니다^^",1
이게 재밌냐ㅉㅉ어휴. ㅗ,1
돈내고 영화관에서 보기엔 아깝다.  기발한 소재인듯하나  진부하다.. 시간이 지날수록 남는게 없다.,1
공감1도안됨 쓰레기천지 보는내내 지루하고 불편함차라리 보헤미안랩소디를 2번볼걸 ㅜㅜ,1
"재밌게 보긴 핬으나 메시지가 별로임.불륜 옹호, 게이 옹호 ,비밀은 들키지 말자 이건가? ㅉㅉ",1
불륜 미화에 퀴어를 웃음거리로 삼아놓고 마지막엔 그게 누구나 안고가는 비밀이고 남자들 사이에선 의리인 마냥ㅋㅋ 진짜 더럽고 불쾌했습니다 비혼 결심하게 되는 영화네요 아 내 9000원;,1
"정말... 기대하고 가면 후회하는 영화... 블랙코미디라고 느껴지지 않는 풍자같지도 않은 풍자들, 여성을 바라보는 시선, 동성애에 대한 조롱이 한가득... 그걸 풍자하고 싶었다고!! 라고 이제와 말한다해도 영화로서 ...",1
2시간동안 쓰레기통만 들여다 보고 온듯함.,1
정말 재미없네요.평점보고 낙였네요. ㅜㅜ,2
이걸 보라고하다니 12000원내놔!!!알바엄청푼듯...ㅜㅜ,2
이태리 원작을 한국문화처럼 가장해  보여준영화? 그냥 이태리 영화로 상영하지 ㅉㅉ 제발 말도안되는 설정에 헛웃음만 나온다.,1
노잼... 보헤미안 볼걸,1
오바작작하지 ㅡㅡ^^^,1
연기도 흐름도 억지스러워 불편하고 답답ㅋㅋㅋㅋ평점 무엇,1
재미없음  할인해서 둘이 12000원으로 봤는데24000으로 봤음 땅을치고 후회할뻔 솔까 난 돈아까웠음암수살인보다 더 별로,1
뭐가 웃긴지 잘 모르겠고 기분만 불쾌함,1
"한국스러운 수준의 영화. 처음부터 꼰대스러운 대사로 시작, 내내 불편한 내용만. 다들그냥 별생각없이 유해진 코믹 연기만 봣는지ㅋ누구나 비밀은 있다- 라는 재밌는 주제로 고작 막장 불륜 스토리밖에 풀어낼수없었던 아쉬운...",1
"아재들의 대화란 이런 것인가... 아무튼, 인간이란..참... 보는 내내 씁쓸했다. 최소한 사람 대 사람으로 서로에게 못할 짓은 하지 말자..한 커플 때문에 마지막에 불쾌감이 더 더해졌다..",4
연출도 세련되고 카메라 음향 다 좋음 배우들 연기도 찰지고 근데 뭔가 찝찝해서 웃어야 하나 말아야 하나 싶은 부분이 많았다 이게 풍자인지 미화인지 헷갈렸달까 불륜을 눈감아주는 남자들을 비판한건지 의리로 포장한건지 모...,5
글쎄...딱히...몇번 웃긴 했으나,2
그닥..넘 기대했네ㅋㅋㅋㅋ,2
유쾌하지만은 않았던..재밌는 요소들이 있었지만 왠지 보고 나와서 기분이 좋진 않았어요ㅠ_ㅠ,2
재밌대서 봤는데 저는 재미없었어요,2
그냥 막장 드라마 수준...이게 재밌다고요??,4
왜 다 십점이어요?   이상해서,6
이게 왜 1순위인지 모를정도로 재미없었어요! 유해진 나오는 부분 중에 웃긴 장면이 있긴했지만 그게 끝인 영화..,1
"진짜 재미없는데 왜 재밌다고하지 ,,,,  영화보고 나오면서 돈 아깝긴 처음인딩 ,,",1
재규야 정신 좀 차려라. 시대흐름 못읽냐 주변 사람들 표정 장난아니였다. 다들 불쾌한 표정,1
여혐 좀 있어요. 별루임,1
빵빵 터지는 대사와 의외의 캐스팅 모두완벽!!,10
노잼...바람폈던 남자친구나여자친구에게 상처받으셨던 분들이 보면불쾌해지는 영화입니다...감동도없고 팩트도없고 가끔 유해진 연기가 코믹하긴했으나 더럽고 돈아까운 영화,1
대화 핑퐁만으로 115분 끌어가는데 지루함은 없음. 남자/여자의 이미지에 대한 일반화좀 그만했으면. 중간중간 유머코드는 있지만 전체적으로 분위기는 암울. 남자 캐릭터 대다수가 정상이 아님.,3
나는 도대체 왜 이 영화가 9점대 인지 모르겠다. 다들 그렇게들 비밀이 많고 숨기고 싶은 것들이 많으신가보네요~,1
웨케 평점높음?ㅇ? 이유가뭐지,3
이게 왜 평점이 9점대인지 정말 이해가 안간다 개연성도 떨어지고 화내고 울고 하는 부분들도 억지스럽고 보는 내내 기분더러운 영화재밌다고 하는 사람들 이해가 안가네,1
불쾌하던데 이게 재밌어요? 가끔 웃긴거지 상황이 재밌진않은데,2
"유해진님 덕분에 웃고,염정아님 덕분에 울고.재밌고 결말 찝찝 영화 굳이 추천하진 않습니다",5
"여혐 요소, 퀴어 혐오 요소가 가득한 영화",1
댓글 알바 풀어놨나봐ㅋㅋㅋㅋ?,1
한국 사회의 전형적인 꼰대스러움의 결정체,1
왜 전화 건 사람들은 뭘 저렇게 말을 다 쏟아내냐 ㅋㅋㅋㅋ,1
평점 몇페이지 넘겨보니까 1점짜리가 맞는 평점임. 알바 겁나 풀었다 진짜!,1
"어쩜이리 싫어하는 요소만 싹다 모아놨는지 보는내내 불편해 어디서 재미를 느껴야할지 도저히공감안됨.다들 무시할뿐,영화메세지는 지극히 당연한 내용인데 그걸 이런영화 보고서야새삼스레 생각하게한다고 말하는거보면 웃음만 나옴...",1
IPTV에서 공짜로 틀어줘도 안볼영화임...,1
뻔하고 진부한 스토리.. 불쑥 터지는 유머와 노련한 배우들의 연기는 찰지긴 하지만 기억에 오래 남을 영화는 아니였습니다.,4
별루..왜 9점인지 모르겟음;;보헤미안랩소디볼걸,6
이정도호 인기있을 영화인가 싶음.. ; 이서진 연기도 넘 어색하고..,6
0점 주고 싶어요 가족들이랑 봤는데  공감 하나도 안되고 이거 재밌단 사람들은 불륜이라도 한 사람들인가 걍 내용 더럽고 진짜 같이 본 가족들 다 욕했어요 대사 너무 더럽고 불쾌합니다,1
인생 최악의 영화 top3 안에 든 영화. 평점이 놀랍네... 도대체 어느부분이 웃음 포인트인지? (키티옷 말고 뭐가 더 있는지 모르겠다) 보는내내 불쾌한 부분은 일일이 말할 수 없을 정도로 많았고 뭘 말하고 싶은지...,1
별 하나도 아까움 그래서 영화가 주는 교훈이 뭔지 모르겠음그래봤자 각 배우자들한테 해서는 안될 짓 해놓고서는 모르는게 약이라고 교훈 주는 클라스부터 말 다했음바람피면 눈감아주는게 남자들의 우정인가웬만하면 안다는데 진...,1
보는내내 불편하고 짜증나는 영화에요. 왠만해서는 영화평점 안남기는데 이렇게 불편하고 답답한 영화를 왜9점대를 줬는지 이해가 안가네요 돈주고 본게 아깝습니다.,1
이 영화를 가장 좋아하는 그룹은,1
방금 보고 왔는데 제 스타일은 아니라서 지루했네요....,1
노잼이었습니다 개인적으로..,2
걍 저질임 영화내용자체가 저급함 재밌다고 쳐웃으며 본 놈들 수준 잘 알겠음ㅋㅋ,1
스토리 전개가 너무 낮은 급이네요,6
개지루했음. 사람마다 이렇게취향이 다르구나....,1
영화 알바 제대로 풀었구나,1
서로를 너무 잘 안다고 생각해도 사실 우리는 서로에게 완벽한 타인. 신선하고 씁쓸했다.,8
이서진의 연기변신이 자기옷을 입은듯ㅋ조진웅은 뭔가 짠한 영화.,9
의도는 좋은데 시나리오 진짜 엉성하네  대사수준도 ... 뭔가 억지로 틀에 맞추려는,1
이게 편하게 개그로 읽힌다면 진짜 무지하고 수준낮은거임.. 온갖 혐오가 쏟아지는데 이게 재밌다고?,1
알고보면 조진웅이 진국이네..,10
이딴게 9점대라니...놀랍다..,1
"연인들끼리 보지마세요.보다가는 싸움,헤어짐,의심 당할수도있어요ㅋㅋ초면에는 재밌어서 웃기도했지만 보면볼수록 가관이예요.불륜,성희롱,임신,의심 진짜..할말이없어서 정색하고 봄...마지막에 나온 말이 제일 추악함",1
"불편하다. 대인관계에는 물론 선의의 거짓말이 필요하며, 모르는게 약 일때도 있다.   하지만 거짓과 기만을 좋은것이라 포장하고 있는 이 영화는 상당히 불편하다. 이기를 이타라고 어필하지 말기를.",1
보고난 후 이렇게 불쾌하고 찝찝한 영화도 없었다기분이 더러워져서 괜히 봤다는 생각함,1
처음엔 웃겼는데 갈수록 머리가 아파지고 기분 나빠지는 영화였어요. 진실되고 아름답게 사는 사람들이 더 많은데 그냥 더러운 비밀들을 합리화 한 것 같은 저질영화..그 와중에 조진웅 캐릭터는 따뜻하더라고요!,1
재밌다는 평 듣고 봤는데?나는 별로였다,2
"중간에는 너무 재밌었으나 끝난뒤에는 너무 찝찝했던 영화.. 오래된 커플이나 부부들이 보러가면 괜히 의심들게 만드는 영화,,",7
보고나면 뭐지? 싶은 재미있는 것도 없는것도 아닌.난 조조로 봤지만 그닥 추천하고 싶진 않고. 따분한 일요일 오후 단막극 또는 다큐 드라마로 볼법한 내용.,5
평점에 사기당함 ...,1
이게 뭐가 재밌는지 ... ㅁㅊ,1
관람객평보고 너무 기대한탓일까..중간중간 웃긴장면은 있었으나 어디서 웃어야할지.. 뭔가 찝찝한 내용..뭘보여주고 싶은건지..의미를 부여하고 우리에게  어떤 메시지를 전달하고자 했던것일까.. 어쩌라는건지..,4
별로  개노잼  봇노잼 이상함,1
전형적인 한국 아저씨들이나 웃길 웃음포인트,1
저질영화 배우님들이 이 영화를 왜 선택했는지 모르겠음,1
추석연휴 영화 중에서 제일 재미있네요.,9
와 진짜 연기력쩐다-.... 눈앞에서생생하게 같이 식사하고있는듯한 기분... 진짜 다 연기 너무 잘함,10
이 영화를 보고 공감이 안간다면 인생 잘 살고 있는거고 밑도 끝도 없이 기분이 나쁘다면 인생을 한번 돌아보시길 바랍니다.,10
커플이나 부부가 같이 보면 영화본 날이 둘의 마지막 날이 될수 있는 영화. 그래서 혼자 조용히 개심각해짐.,1
"재미도 없고 기분만 더러워지는 영화, 내가 봤을때 하나도 안 웃기고 무슨 메시지를 전하는지도 모르겠다.그리고 평점은 왜이렇게 높은건지, 내 돈보다 이 영화를 만드는 비용이 더 아까울 것 같다.",1
인위적인웃음 배우들의 연기때메 잠시웃긴했으나 너무 억지스러웠음,6
작중 캐릭터들이 거의 폐륜급..  감독이 도대체 뭘 의도한 건지.. 누가봐도 저게 비정상인데 우리 다 내면엔 그렇게 살잖아~~ 하니까 내가 이상한건가 싶음,1
재미없는것보다 더 용서안되는 저질스러움.저런사람들만 있다면 인생우울할듯.다보고 기분나쁨.바르게사는삶도 있는데 웃어넘기라고 만든영화?그렇게볼수도 있지만.. 결혼한 내친구 둘이나 너무재밌다고 추천해줬다니..세상 불쾌한 ...,1
조진웅이 진짜 멋진 남편이네. 정신과 치료의 원인 중 하나도 40년지기새끼가 자기마누라랑 통수치고있는거 알고있었던거 아닐까싶음. 딸한테 피임잘하라고 한것도 그렇고,10
결국 조진웅은 자기마누라가 친구랑 바람난거 알고잇엇네,10
다시보는데도 염정아배우 연기는 진짜 끝내줬다.,10
불륜의 삼중주 ㅋㅋ  그냥 사랑과 전쟁 본 느낌,1
외국영화 퍼펙트 스트레인저스 하고 99% 똑같네요.   감독이 양심이 ㄷㄷ,1
더러워요 그래서 말하고 싶은게 불륜이 뭐 어떻다고??이게 남자들의 우정...??,1
조진웅이 알고 있었다고 하는데 그게 어떤 장면에서 나오나요??,10
누구나 다비밀은있다는건 공감대는 많이  간다만ㅋ영화는 너무극단적이고 자극적인 예시네 ㅋ게이한명 바람두명피고 임신시키고 친구 마누라랑바람피고 사기20억당하고ㅋ  이럴일이 과연있을까?ㅋ딱염정아가 소월이한테 재수없다고씹는...,10
평점이 왜 이렇게 높은지 모르겠다. 딴에는 솔직한 느낌을 주고 싶었던 것 같은데 대사는 유치하고 저급하기만 하고.. 웃긴 것도 아니고 스릴 있는 것도 아니고 언제 재밌어지나 기다리는데 영화가 끝남. 결말도 어이없음....,1
"그래서 불륜은 아내, 남편 모르게 몰래 하면 괜찮다는건가? 진심 별로였던 영화",1
0점 없나..내돈 내시간 내놔,1
재미 드럽게 없다 집자랑하고 잘난척하는것처럼 보임,1
정말 재미없네요. 왠만하면 평점 안쓰는데 너무 재미없고 기분도 나쁘고 스트레스 쌓이네요. 평점에 낚였습니다.,1
댓글들 보면 기분이 더럽다고 하는 댓글들 많은데... 실상 우리들 대부분이 앞면과 뒷면이 달라 그래서 자기들 모습보는것같아 기분 더러운거야 ㅋ 뒷면을 숨기고 앞면만 서로 보여줬을때 이영화 결말처럼 아무일없듯이 서로가...,8
나만 재미없나... 걍 밥먹다가 불륜 들키고 뒷담 까는거 들키고...,1
재미는 있었는데 아무리 친구라도 불륜에 임신에 별로 좋은소재는 아닌듯,7
이건 절대 코미디 영화가 아님. 인간의 민낯을 보여주는 현실다큐,8
올 해 영화중에 가장 재미있는 작품인듯 합니다.역시 믿고보는 배세영 작가님의 작품,10
오랜만에 실컷웃은 영화입니다,10
돈많이써야좋은영화는 아니네요 연기력 ㅎㄷㄷ 합니다,9
"정보화시대로 휴대폰 소재로 재미나게 풀어나가는 모습을 보며, 이 시대에 맞는 트렌드라고 생각합니다. 연기 좋고 스토리도 좋았습니다. 제목  그대로 완벽한 타인은  없는 것 같습니다. 영화에 나오는 언동이 공감이 많이...",9
노뜬금으로 명언 날리는 게 오글거림,1
평점9까진아님....,1
대단한걸 기대했는데 사소한걸로 서로 북치고 장구치고 난리법석을 떠네,1
"한국식 가식과 위선 인간관계에 익숙한 사람들에게는 너무나 재미있는 명작이고, 담백하고 거짓없는 인간관계가 맞다고 보는 사람들에게는 쓰레기 영화. 호불호가 엄청나게 갈리던데 그런 이유가 아닌가 한다.",1
아침드라마부터 일일드라마 그리고 10시 드라마까지 한번에 정주행 한 느낌?,1
예능때문인가왜케 이서진 연기 어색하죠ㅠㅠ,8
저급하고 시대뒤떨어진영화전혀 신선하지않고  피식하고나오는 쓴웃음뿐딱그정도의영화,1
닝바닝이겠지만 최악이었음,1
박민수 대~박 아 진심 빵터졌다ㅎㅎㅎㅎ아 이영화 재밌네ㅋㅋㅋㅋ,10
역시 감칠맛나는 유해진. 믿고봤다. 57세 키티녀는 진짜 ㅋㅋㅋㅋ,7
"인간 본성의 본질적 민낯을 보여주려는 압축된 스토리는 이해되지만, 비윤리적 주인공들의 특이성이 세상은 이미 그렇고 그렇다는 식의 보편성으로 인식될 수도 있다는 우려가 든다, 물론 기우겠지만",6
쓰레기같은영화닿ㅎㅎ,1
말끝마다 욕설에 저질 막장 영화..,1
이런 거 처음 남겨보는 것 같은데.. 내가 좋아하는 배우들이 대거 출연해서 설레는 마음으로 봤다가 시바알...기분 드러워서 아... 안 본 눈 팔면 진심 사고 싶다.제작진들 벽 보고 손 들어.,1
이렇게 거지 같을수가 동성애 미혼모 정당화 오진다,1
마무리야 그렇다쳐도 그 장면에서 설마설마했는데 ㅠㅠ 반가움보단 어이없었습니다. 초중반에 메세지가 직관적이고 재미있어서 좋았는데 후반에 망,6
기분 더러워지고 불쾌한 영화,1
약자에 대한 혐오만 가득한 영화. 보면서 화나고 하나도 안재밌음. 저급함,1
진짜 돈 시간 너무 아까운 영화 차라리 두시간동안 벽을 보고 서있는 게 나을듯... 배우들 연기가 너무 아까운 쓰레기같은 스토리네요,1
솔직히 답답하다 현실적으로 본다면 결혼은 안해야한다 .... 솔직히 결혼은 비밀이야???,1
조진웅을 좋아하는 사람으로써..좋은 배우 가지고 이런 영화를ㅠ연기력때문에 그나마 살아 남아가고 있는 영화ㅠ특히 이서진 정말 안어울린다ㅠ,1
이해불가평점 대체왜?,1
전혀 어른스럽지 못한 이들을 내세운 쓰레기 영화,1
하튼 한국인들이 재밌다는건 보면 다 재미없어... 해운대 부산행 명량 히말라야 신과함께 앞으론 믿고 거른다,2
왜 굳이 봐야하는지....평점이 왜 좋은지 모르겠는 영화...그냥 유해진이랑 조진웅이 살린영화,1
"불륜미화, 동성애 희화화, 여혐까지 환장의 콜라보;쓰레기 영화",1
극단적인 현실반영인것 같다. 한국남성과 한국여성의 현실. 현실을 그대로 투영해서 비꼬는 것이 감독의 의도이길 바란다. 블랙코미디가 단순히 코미디로 소비되는 것만 같다. 선명한 의도를 내비쳤으면 속이 더 후련했을텐데,6
처음에는 재밋었는데 보면 볼 수록 재미가 없었다,6
딱 킬타임용. 웃긴장면 몇개있긴했지만 중간중간 끼워넣은 교훈주려는 듯한 대화들 넘 식상  영화흐름이 뚝뚝 끊기는 느낌  그냥 끝까지 막장소동극이었음 더 니았을거같아 아쉬움,7
영화관에서 이렇게 다같이 웃은적 첨,10
이서진 같은 남자 극혐이다 진짜,1
"소설 원작이라 그런지 스토리가 탄탄. 우린 타인을 다 안다고 생각하지만 각자 비밀의 면모를 품고 사는듯. 동성애도 편견 가득한 사회 시선을 현실적으로 표현. 사실 우리 자신을 누구보다 잘 아는 것은, 가족도 애인도 ...",10
재밌게 봤지만 저 중에 누구도 되고싶지 않은.. 하지만 분명 저 중에 누군가일ㅋ 스스로를 인정하게 되는 찝찝함이 매력적인 영화,10
이 영화를 보고 나도 남편도 이 게임 해보자란말을 서로 하지 않는다..ㅋ ㅋㅋ,10
제목이 다했네. 우리 모두는 완벽한 타인일 뿐,9
파국을 보고나서 마지막 다들 사이 좋은 결말을 보니 뭔가 더 슬프고 기분이 묘했어요 ㅜㅜ 연출이 참 좋네요,10
와...쩐다 이영화...,10
조진웅같은 남편 ㅠㅠ 현실에 진짜 있을까;;;,10
염정아 너무웃김ㅋㅋㅋ 쓰앵님 외치던 사람  맞냐고,10
평점 위에꺼만 보고 봤다가 똥 씹은 기분이었음 내 기준 최악,1
영화 스토리 만들려고 했는지 억지스러운 장면.대사들이 좀 있다.,5
기분 더러운 영화 찝찝하다,1
으 정말 보고나면 으 라는 말이 나온다,1
연출이 넘 구려서 그런지 배우들까지 전부다 어색하고 오글거리고 ㅋㅋㅋ,1
내인생 역대 최악의 재미없는영화,2
정신병자들 얘기....,2
그냥 그런데.. 왜 이렇게 인기 좋아?,6
별로댜 진심 이서진연기도 별로고 다,1
뭐가 웃긴건지...진심 보는 내내 그냥 웃음이라곤 헛 웃음밖에 없었음...0점은 없음?,1
중간중간 말장난은 웃겼으나 딱 그 뿐,1
보는 내내 너무 불편했음. 중간중간 웃긴 장면들 덕에 지루하지는 않았지만 짜증나고 불편했음. 그중에 결말이 제일 불편했다.... 거지같은 결말. 하...파리의 연인인가...,2
이게 왜 평점이 좋은지 하나도 이해안간다 평점에 낚여 영화 보았으나 정말 지루하고 불륜에 뒷담화에 기분 더러운 얘기들이 소재인데 이게 어디가 재밌다는건지?지루하고 기분만 상하고 나왔다,1
보는 내내 마음이 불편했던 영화,1
누구나 3개의 삶은 살아간다..? 감독아 대중들에게 심어줄 철학 개똥같이 만들었네 ㅋㅋㅋ 누구나 3개의 삶이 불륜하면서 떡치는 거냐?ㅋ 잘도 만들었네 스토리 교훈도 없고,1
극혐-??-??-??,1
너무 추악하고 더러운 모습들로 가득찬 영화를 보는 내내 불편했다. 어쩌면 너무 현실적이라서 마주하고 싶지 않은 내용이었을지도.,6
노잼인데 ....왜지밌다고말하는건지 이해가안가네ㅠㅠ,1
올해본 최악!!의영화. 이서진연기에 손발 오그라들고 돈도 시간도 아까운영화!,1
개재밌네....장소이동 없이 앉아서 얘기만 하는데도 영화가 재밌을 수 있구나...,8
좁아터진 집안에서 작위적인 설정들의 향연,1
캐릭터 하나하나 이기적이며 공감안되 너무 불편하게본 영화.,1
평점에 속았다 최악이다,1
내 인생 최악 영화 유쾌한 내용인줄 알았는데 불쾌,1
진짜 기분더러워지는 영화,1
보는내내 불쾌한 영화.. 진짜 댓글 믿을게 못된다.,1
쓸모없는 감정소모영화,1
보고나면 불쾌함만 남는 영화,1
대체..별점 무슨 일이지. 기분 망치기 딱 좋은 최악의 영화다. 주제와 어긋난 서사구조에(왜 이야기를 쓰기 전에 개요부터 준비해야하는지 알 수 있습니다)  웃기려고 던지는 농담들은 대부분 섹드립이나 비하발언이고 마지...,1
재밌긴 개뿔 존나 결혼 안함,1
댓글 알바들과 검색 사이트 영화 별점 관리 하시느라밤낮으로 개고생하시는 영화 마케팅 대행사 팀들 수고많으십니다 이런 완성도 낮은 영화를 뻥튀겨서국민들을 속여서 극장으로 오게하느라 수고많으십니다당신들 정말 한국영화의 ...,1
그냥하는게 더나을거같았다. 남자들에게만 해피엔딩이네,1
"헐. 배우들 읻고,기대하고 봤는데...출연한 배우들이 아깝다영화? 영화는 무슨 ㅡㅡ;;",1
완전 억지스럽고 노잼인데...평점 뭐지,1
ㅈ같다 이딴 영화가 있다는게,1
평점 진짜 조작같네 이따위영화가 500만 ㅡㅡ,4
"이 영화의 시사점이 무엇인가? 공적인삶, 개인적인삶, 비밀의 삶? 이 영화 재미 없고.. 왜 평점이 높은건가? 나만 이렇게 생각하나?? 알바생들 넘 많이 뿌린듯 하다.. 나는 이 영화 5점만점에 1점도 안된다",2
"뻔한 웃음코드,억지설정,어설픈 연기 뻔한 결말.",1
내취향은 아니다 잼없어,1
"가정 두로 바람피우는 남자에 게이 정체성 희화화, 여자들은 서로 질투하는 역할로 그리다니. 정말 트렌디하지 못하고 무식한 영화",1
가족끼리 보러가지 마세요 영화 상영내내 뛰쳐나오고 싶었음 족같은 점이 너무 많아서 손에 꼽을수도 없음 돈 시간 버리고 스트레스만 ㅈㄴ받았음,1
평점이 터무니 없이 높아서 1점,1
인간의 내면을 관찰한 척 내가 잘 알고 있던 사람들 조차도 모르는 비밀의 자아가 있다는 둥 타인의 모습을 보인다는 둥 어줍잖은 훈계에 유머코드조차 예전 방식을 벗어나지 못한 저질스러운 영화,1
기분이 더럽다. 보다가 몇번을 욕했다. 전혀 안웃기고 개그코드가 저급하다. 여자들마인드도 한심하다. 남자들은 참 여러모로 심란하다. 그냥 전체적으로 최악 그자체,1
영화관에서잤다 돈아까워 노잼,1
와! 이영화 보고 왜  기분이 꿀꿀 하지이런 기분  처음 이네,1
이거 재밌다는 사람들 참...남편과 저 둘다 보면서 중간중간 웃낀건 있었지만굳이 큰화면으로 극장서 볼 스케일인가 싶어돈이 아까웠구요..이게 바람바람바람이랑다를바없는 영화네요~결국은 불륜을 했다는거고 모르는게 약이다속...,1
"이게 별로라는사람은 불륜하고있는 유부남,유부녀 100퍼다",10
설정이 너무 과하다 동물의 왕국도 아니고 어설프게 미드 따라하다 가랑이 찢어진 느낌,2
난 별로 이서진 김지수 토나오게 역겹다,1
영화 보고 기분 더러워짐;,1
쓰레기 쓰레기 쓰레기 쓰레기,1
불륜 숨겨주는 게 남자들끼리의 의리냐? 수준 딱 나오네 쯧쯧,1
난 너무 재미없던데말로웃기는장면 한두컷이있는거뿐이지감동도재미도결론도이상하던데다들재밌다하는데 내가이상한건가,1
이거 10점 준ㄴ놈들 아가리를 후려야 한다,1
tvn  참 고약하다.명절에 이 영화를?ㅎㅎㅎ,10
최악 찝찝하기만하다 ㅋ,1
와...평점에 낚임...기분만 안좋아짐 ㅡㅡ;;최악들만 모아둔 뻔뻔함의 현실 바나나 까기 게임???,1
졸라 재미없네  돈아깝네하도 오글거려서 못보겠다,1
보는내내 웃음 1도 안나오던데 도대체 어느포인트에서 다들 웃은거지..? 진짜 재미없고 기분만 나빠짐,1
뭐가 재밌다는건제 도저히 이해가....안되네요...,1
개역겨운 똥꼬충 옹호 영화,1
괜찮은 배우들에 평점도 좋아서 기대했는데 어처구니없어서 충격이 가시지 않네. 설정도 정도껏해야지 이건 뭐 억지의 끝판왕에다가 눈살 찌푸리게할 정도로 구성이 엉망이고 재미도 없다. 이 배우들 안목이 이 수준이었다니 다...,1
이게 영화냐 할말이 없다,1
하도 재밌다고 sns서 난리길래 봤다. 이게 무슨코미디? 결론부터 말하자면 정말 보기 역했음 남자들이란..; 좋은 배우들을 이런 같잖은 시나리오에 낭비하다니 ㅋ ㅜ,1
이게 15세 이상 관람 영화가 맞나요? 진짜 중학생 자녀한테 이거  보여주실수 있어요? 너무한거 아닙니까?,1
뭐 다른 사람연기 잘한줄은 알았지만 이서진 4가지 없는 연기는 원래 잘했나?ㅎㅎㅎ,10
오랜만에 괜찮은 영화 ㅎㅎ,10
특이한 구성 한정된 공간안에서 이정도 재미와 집중을 만들어낸것이 대단하네요. 게다가 중간중간 유머코드도 좋았고 마치 내가 그 식탁 한자리에 같이 있는것처럼 느껴질정도로 집중이 되었고 즐거웠어요 모처럼 잘만든 영화 봣...,10
영화관에서 오랜만에 크게 웃고갑니다.강추네요~^^,10
귀걸이 임자가 제일 대반전이었다,8
울나라 사람들은 개인사를 너무 알려고 든다. 알아봤자 감당도 못하고 서로 불편해 하면서...,8
명절에 이 영화 왜보냐고 댓글 다는데 연휴 마지막날 낼 월욜인데 누가 가족끼리 보냐,8
평소에 입조심하고 살아야지..,10
이건 다시봐도 웃김ㅋㅋ유해진아잉,8
잘만든 영화 그리고 염정아는 정말 연기천재,10
막판 깨알반전..친구와 마누라가 ㅡㅡ,8
이게극한직업보다 훨씬 재밌다,10
진짜 노잼....볼거리도 배울거리도 아무것도 없다,1
이게 재밌나...? 그냥 피식 피식은 몇 번 했는데 9점대 영화는 아닌데...,6
별로입니다 10자...,1
왜 평점이 높은지...도대체..,1
염정아가 정말 연기를 잘한다고 느꼈다. 예서 엄마의 모습은 1도 보이지 않아서,7
"올해 최악의 영화. 영화보는 내내 불편하고 불쾌했다. 후반부는 아예 스킵했다. 중간중간 웃음코드는 있지만, 그것이 영화 전체의 불쾌함을 포장해주진 못한다. 정말 더러웠다.",1
보다보면 짜증나는영화,2
"안친한 사람들끼리 친한척 하는 영화. 친하지않아서 친한 연기를 열연하는 영화갈등을 빚어내기위한 억지설정, 어색한 애드리브",4
개인적으로는 기분 나쁜 영화네요  막장,2
재미없다. 다아는 사실,1
9점짜리 영화는 아닌데.,4
"보면서 상황 전개될때, 너무 오바인데?? 이런상황들이 한꺼번에 일어난다고? 하다가 엔딩이 현실이란걸 깨달았을때 주고 싶었던 메세지를 좀 알것 같았음. 근데 좀 억지스러웠던건 사실인듯",7
모르는게 약 이라는 속담은 이럴때 쓰는 것,10
배우들도 괜찮고 연기도 잘했지만 내용도 쓰레기고 결말도 쓰레기다코미디를 보고 싶으면 다른 재밌는거 널렸으니 딴거보세요 알바들한테 속지말고,1
기대하지말고 보세요. 그냥 킬링타임임. 알바한테 속은거임.,1
지금 ㅇㄷ 모습 실시간으로 보고 계신데요,1
보는내내  답답  결말보고도 찝찝,1
아직도 한국영화는 멀었다는걸 잘보여주는 영화~ 블랙코미디는 개뿔이 돈아까워죽겠네요,1
노잼이던데요ㅋㅋ너무 빠는거아이가,4
알바가 너무 많네.재미도 없더니만,3
"등급15세로해놓으시면,,재미도좋지만 청소년생각좀 합시다",5
그냥 보지마라 리얼 쓰레기,1
보고있을때 웃고 다보고 나면 뭔가  찝찝,6
이서진의 연기가 부자연스러웠음.이정도 평점이 말이 안됨.불편한 진실을 알게되고 보는사람도 불편해지는 영화. 그나마 유해진 김지수  염정아의 연기로 영화커버됨나머지 연기자들은 아직 내공이 부족한듯.,6
X... 이야기하고 싶지도 않은 역겨움과 식상함.,1
와.. 마지막에 이렇게 서로 모른 상태로 지냈다면.. 라는 내용 전개. 지금 봤지만 잘 만들었네,10
쓰레기 순위---- 1.이서진 //  2. 김지수,8
인싸의 민낯. 인싸의 실체.,1
9점 평점에는 맞지않는 영화,1
억지로 짜맞춘 듯한.. 게다가 동성애자는 왜 넣었는지..,1
진짜 저급한 대사들 불편했다. 이게 왜이리 평점이 높은지..염정아 연기 하나 볼만했다.,1
아무리봐도 이거 평점이 잘못된거 같다ㅡㅡ이게 9점이 넘어가는 영화라고???솔직히 이게 재밌음?웃음만나오네.내가 이상한건가? 평점이 이리 높다는건 영화보면서 공감되고 찔리는 사람이 그만큼 많다는걸로 봐야하나???개인적...,7
이서진 어색한 연기는 진짜 못봐주겠네,6
기대하고 봤다가 일점 주고간다.,1
이렇게 높을 이유는 없는듯. 볼만하지만 대단하지도 그럴싸하지도 않았음 특히 염정아 씬은 왜그리 억지로 끼워넣은 느낌인지.,6
보고 있으면 기분이 나빠지는 영화,1
평점이 높아 봤는데 진지함이 없는 사람들에 관한  블랙코미디 ㅠ 잼 없었어요,2
웃김 그러나 보고난 뒤 기분이 아주 좋치 못함 동성연애 불륜~~,1
그냥 똑같이 따라한영화 ㅎㅎㅎ 테이블마저 똑같고 내용도... 연기도 지질히 못하는ㅋㅋㅋ,1
이딴것도 영화라고...그래 영화니까 스토리가 불륜이든 게이든 뭐든다 그렇다고 치자...마지막 교훈은 뭔대??  차라리 이서진이''우리 이제그만 만나'' 이러면서 가정으로마음 돌이키는것도 ...,1
기대하고 봤는데 리얼 노잼ㅜ,1
"평점이 좋아 봤는데... 실망스러운 영화네요... 역시 사람은 다 다른가 봐요,",1
무의미한 억지 웃음코드와 사건발생으로 분량채우기. 돈과 시간 아깝다,1
연기 작품성은 볼만했지만 웃기는 요소 제외하고는 영화가 끝난뒤에도 기분이 찝찝하고 더러웠다,1
진짜 이게 재밌나 ㄹㅇ별로,1
별로... 평점이 왜좋은지모를...,4
개똥같은 한국영화 다운로드로  풀려도 안보는데  무슨  영화관이냐..안시성은 아직도 안보는중이다.  한국저질영화 언제까지 스크린쿼터로  횡포할지 ㅉㅉ,1
코메디영화?  더럽고 유치한 내용에  보는동안 불편했다.  이게 재밋어?내가이상한것인가? 웃긴장면이 몇번있었지만  즐겁지않는 가정파탄영화.,4
난 공감이 안되고 저게 현실이라면 너무 슬프도 씁쓸한 안타까운현실이라는게 그냥 맘이한켠이 아리는 영화,2
노잼 노잼 노잼 노잼. 이게 530만 실화냐???,1
보는내내.. 답답하고 짜증나고 --;;  40년지기 친구들이 저런다고???..    결국엔    동성애자들 옹호하는 영화로 끝나네..  이리저리 굴리고 닳고 마지막은 니들이 모르는 니들이 편견을 가지는걸 깨라면서 말...,1
별 같잖은 쓰레기같은 영화,1
평점알바들 때문에 속아서 봄. 제발 평점알바행위를 사법처리해주세요.,1
교훈도 없고 재미도 없고 처음부터 끝까지 불륜얘기에 빻은 것 투성이고 애초에 재미있는 장면도 몇 장면 없었는데 어디가 재밋지,1
완전 이상한 영화이게 왜 15세인지 이해ㄴㄴ,1
진짜 최악인데 영화 스토리...;;;무슨 스토리가 막장 중이 최고막장....,1
재밌다고 해서 봤는데 ?도대체 이게 뭐가 재밌는지?,1
내 타입은 아닌 영화 솔직히 돈 주고 영화관에서 보기 아까웠다.,1
보고나면 기분나빠져요,1
진짜 돈주고 본게 아깝다. 더 사람을 못믿을것같다 찝찝해  차라리 랩소디 한번 더볼껄,2
야이  평점사기단 이거 ㅡㅡ 또 당한듯 볼만은하지만 평점처럼 대단히 재밌는 영화는 아니고 돈내고 시간내서 극장가서 영화볼영화는 더더욱아닌듯,2
수준 낮은 남자들 모여서  수다떠는 ... 딱  그정도 !삼류소설  시간때우려고 억지로 끝까지 읽은 느낌 ㅜ 조조에 할인 겹쳐서  오천원에 봤으니 망정이지.. 돈아까울뻔했어요 ㅜ,3
"기대하고 봤는데 마케팅에 당한 기분.일단 반전에 반전에 반전에 너무 개연성을 무시한 반전의 행렬. 배경설명도 허접했교, 지루한 장면이 많아서 중간에 나가려다 돈 아까워서 참음. 솔직히 호불호 갈릴 영화라 생각함.",2
현실적이지만 정말 생각없이 봐야합니다 깊은생각을 하고 파고들며 보는 순간 재미는 없어지는영화,7
걍 시간날때 보면될듯 꼭 이 영화를 볼려고 극장찾아갈 필요는 없는듯,6
유해진 좋아하지만 이영화는..쫌...돈 주고 보기 아까움ㅜㅜ,4
내용 개더러움 웃음으로 소비할 건 아닌 듯,1
"너무 더럽고 불쾌한 영화, 한국에서 이 영화가 흥한다는 게 무슨 의미일지 생각해봐야 하지 않나. 바람 피우고, 불륜 상대가 임신하자 발 빼는 게 원래 인간의 본성이다 원래 모든 사람은 완벽하지 않으니까 그럴 수 있다...",1
"영화 자체는 잘 만들었는데.. 인간이 얼마나 더럽고 역겨울 수 있는지 , 인간의 죄성을 잘 보여준 영화. 보는 내내 답답해서 뛰쳐나가고 싶었지만 낸 돈이 아까워서 꾸역꾸역 참고 끝까지 봤다",1
평점보고 놀라..한마디 남깁니다.댓글 앞부분만 보지말고 ‘더보기’눌러다양한 후기 보고 관람여부선택하세요~,2
보지마라 ㆍ 평점 알바냐 18,1
"시간,돈 아깝다. 역쉬 한국 멀었어.",1
보는데 불쾌한 장면이 꽤 많았음,3
1위여서 봤는데 이게 재밌음?? 많은 사람들이 좋다는 평가여서 놀랍네 개인적으로 보는 내내 기분나빴음 중간에 나갈까말까 고민하다 혹시나해서 봤더니 역시나임 괜히봤음,1
너무 여성만 피해자고 남성은 가해자로 나옴,1
재미없음 보지마세요 제발,1
도대체 동질감이 전혀 느껴지지 않습니다.7명이 모여서 한 사람이 저러면 이해를 하겠는데 거의 모두가 사건의 토대를 제공하고 몇 번을 싸워도 끝나지 않는 식사는 지루하기 짝이 없습니다. 컨텐츠 다 담기에 테이블 하나는...,1
제 인생 최악의 영화 1등에 올랐으니 1점 드립니다. 비밀의 삶이든 세 개의 삶이든 불륜은 정당화될 수도 없고 비밀리에 숨길 일도 아님. 오는 연락 중 9할이 불륜인 쓰레기 인물들 옹호하는 쓰레기 영화.,1
재미있다는 얘기 듣고 어제 와이프와  저녁에 봤는데 간간히 웃기기는 합니다. 그런데 그것 뿐이구요 너무 상업적이고 의도적으로 만들어진 영화라는 느낌이 들었습니다. 조진웅과 유해진 연기력은 좋았는데 개인적으로 아무리 ...,1
ㅋㅋ추악함과더러움을볼수있던영화,1
재미없어요  웃슴도 엄꼬게이 전화 장면만  웃기고ㅠ,4
이딴 영화가 재밌나? 기분나쁘게 일반화 시키는 영화네,1
별로에요... 차라리 보헤미안랩소디를보세요 ㅠㅠ 평점 왜케 높은지 이해 불가,1
마지막 자막이 정말 치명타네요. 마치 대단한 비밀을 깨우친듯 떠오르는 그 자막은 대체 뭡니까? 누가보면 다들 모르고 사는 줄 알겠습니다. 아웃팅 장면을 웃으라고 연출하신 게 맞다면 진심으로 감독을 관두시길 바랍니다....,1
"관객들의 웃음코드를 정말 잘 짚었지만농담이나 장난으로 주고받는 말이나 행동들이불건전했다내용면에서 건강하지 못 한 내용들이 다 는 아니지만 '이래도 괜찮다', '이게 뭐 어때서' 라는 느낌...",1
평점 알바들 난리낫네ㅋㅋㅋㅋ,1
의외로 지겹고 재미없었던 영화.,3
최악의 쓰레기영화ㅋㅋ보고 웃는 사람이 있다는게 충격이다.각종 빻은 대사들에 지들끼리 낄낄대고 끝에 불륜 미화하는데 어이가 없었다.원작에나 충실하지 되도 않는 교훈 끼워 넣어서 합리화하는게 같잖았다.이딴거 볼 시간에 ...,1
평점 10점이 많은 거 보고 솔직히 놀램.이 영화 웃기다길래 기대하고 본 건데 진짜 기대 한 만큼추잡한 영화였다 처음엔 웃으면서 보다가 끝엔 인상 지푸리면서 왜 봤지 하고 후회하는 영화임. 이걸 본 내 시간과 돈이 ...,1
남자들은 원래 이런거야! 라고 치부시키는 영화. 재미가 없는 것보다는.. 더러움.,1
"이 영화를 보고 깔깔 웃었던 사람은 뭐가 문제인건지 전혀 의식하지 못하거나, 그걸 생각해볼 생각이 없거나 혹은 생각해볼 필요가 없거나.",1
시간을 내서 돈을 주고 극장에서 이 영화를 봤다는걸 아무한테도 얘기 못할 정도로 창피할만큼 저질인 영화였다,1
"그저 그렇게 본 영화, 뻔하고 예상가능하고 재미도 없고 잔잔하고 차분한 분위기에 졸법하면 성드립으로 웃기려고 노력하는 영화. 하지만 이 또한 배우들이 잘살려서 살아난 영화",2
보는 내내 기분나쁨 ... 저질영화,1
시간과 돈 아까운영화네요     수준높이세요,1
"글잘안남기는데 진짜 재밌었어요. 얼마나 재밋냐면 관객들 모두가 30분이상은 박장대소하면서웃을정도... 그리고 한가지 더, 현재 우리사회의 모순과 비밀을 콕집어낸다는점.. 청춘남녀할거없이 무조건봐야할영화",10
일상의 무서움을 상기하게 하는 영화. 촬영 또한 쉬운 작업은 아니었을듯해요. 잘 봤어요.,8
이런 쓰레기도 9점대구나ㅋㅋㅋㅋ,1
관객이 불편해지고 눈치보게되는 ㅋㅋㅋ 완전 재밌어요ㅋㅋㅋ,10
잘만든영화입니다! ㅋㅋ응원해용,10
이토록 '완벽한' 시나리오!탄탄한 연기력의 매력적인 캐릭터들 덕분에 지루할 틈이 없었다.기대를 하고 봤음에도 기대를 뛰어넘는 유머코드와 재치로 기분좋은 2시간을 선물받은 기분~^^저는 강추합니다♡,10
짜릿하고 흥미롭다 주제가 쇼킹이다,10
볼만한 영화!! 여자 친루랑 보면 안될듯,9
신선한 충격 깊은 여운이 남는 영화.,10
"컨저링, 인시디어스를 뛰어넘는 공포영화.",10
인정. 이 영화는 정말 인정이다.,10
이 영화 배우 중에 가장 연기가 어색한 사람은 이서진이다. 그만큼 다른 배우들 연기는 나무랄데가 없다. 스토리 간단 명료해서 깔끔하고 재밌음. 보고나면 생각이 많아지는 영화입니다.,7
너무 불쾌한 영화. 저게 진짜라고?,1
딱 중간까지는 재미있게 흘러가다 결말은 고질적 한국영화식으로 끝남.,7
즐거움과 긴장감의 고저가 크지 않아 담백한 영화를 좋아하는 사람이 아니라면 ‘뭔가 더 나오겠지’라고 생각만하다 끝났다고 느껴질만한 영화. 신선한 소재의 이야기를 담담하게 풀어내는 것은 좋았지만 500만이 보고 평점 ...,1
엔딩을 이렇게 해야했냐?,1
결말 진짜 이상하네. 그리고 스토리자체가 너무 억지스러움. 게이이야기로 반을 쓰네.,3
개막장 인간들의 개막장 게임.,5
억지설정에 불분명한 케릭터 이게왜 평점이 이리 높을까,2
현실성 결여된 저급한 영화 보고 기분만 드러워짐,1
그저 그렇던데 ㅡ 평점 되게 높네,4
너무 억지 설정에 자연스러울려는 배우들의 연기가 더욱 어색하게 느껴지며 스토리도 엉성해서 재미가 없었네요,2
사람 열받게하네 진짜.하아..하....,1
평점좋아서 엄청 기대했는데ㅜㅜ흑 기대이하로재미가없었어요ㅜ,7
몰입도 생각보다 좋고 몇번 웃긴했는데 솔직히 평점 9점대는 아닌거같아요..생각보단 그냥 그랬어요,6
보다가 중간에 껐다. 젠장 나도 여자친구 사귀고싶다.,3
영화는 재밌다..그러나1만원씩 돈을내고 보기에는 지나친 영화임. 집에서 보기에 딱,4
...걍 재미가읍다.  한국영화의 이런 마무리 싫으다,2
몰랐으면 아무것도 아닐 일들..,4
알바 찌끄래기들 ㅋㅋㅋㅋ,1
영화 보는 내내 네이버 덧글창에서 남자와 여자가 싸우는거 본 기분. 15세 이용가에 맞는지 모를정도의 블랙코메디 그게 전부.,1
결말도이상하고 졸리고 지루하고 앉아있기괴로웠다..,2
가슴얘기밖에 기억안남,1
영화본 내눈 빼서 씻고싶다,2
털어서 먼지안나는 인간이 아닌 그냥 인간쓰레기들 영화였어요 평점이 9점이라... 진짜 웃음이 납니다,4
좀 불쾌한 점이 많은 영화. 불륜을 소재로 한 개그 장면들을 보고 마냥 웃음이 나오진 않았다.엄청 재밌다는 말을듣고 봤는데 그냥 그랫다!! 동생이랑 둘다 찝찝함을 느끼면서 나왔다... 주변 평은 괜찮아서 내가 좀 다...,4
귀걸이에서 개소름돋았다,10
웃긴장면은 진짜 웃기긴한데.... 약간  남혐 작가 스토리인가,1
전형적인 노답 한국 코미디..어설픈 이야기와 억지이야기로 어렵게 채운 2시간..,4
그냥 그저그런영화ㅎㅎ,6
영화의 소재가 끊기는 일은 없을 것이다,3
그지       같은영화. ~~~<<~<~~~,2
전 아직 어린가봄..불편해요,4
이런 영화는 굳이 큰 화면에서 안봐도 될 듯.,7
보는내내 집에가고싶다,2
너무 큰 기대였는지 전진짜 생각보다 별로였네요,5
과대 평가된 영화. 화려한 출연진 때문에 그런가? 조조로 봤지만 좀 지루하고 내용도 현실보다 과장돼 있어 솔직히 좀 실망임. 외국영화 리메이크라 그런가? 불륜 너무 쉽게 그려짐.,5
충분히 있을수 있는 상황들이라 더 와닿고 무섭기도 했네요.생판 모르는 관객들이랑 다같이 박장대소 하고 몰입한다는게 느껴져서 뭔가 하나가 된듯한 새로운 경험도 참 좋았습니다~,10
사랑을 중점으로 보면 나에게는 슬픈 영화였다,10
설정 연기 배우 다 좋았으나 이야기가 너무 오버스러웠다,7
연기는 정말 최고였지만참...씁쓸하다,4
설정과 배우들의 연기력은 뛰어났으나  이야기의 설명이 부족했던 아쉬운 영화. 조금만 더 다듬었다면 훨씬 좋은 영화가 됐을 것.,5
이서진 연기가 너무 어색해서 손발이 오그라들었다..,6
재미 없음 이서짐 연기 발로 함,2
보고 나면 쥰내 찝찝한 영화,1
나는 당신을 잘 안다고 생각했는데... 넌 나에게 여전히 '타인'이었어,10
나는 이영화를 전남친이랑 봤는데 알고보니 양다리였음 이땐 몰랐는데 그샠키 엄청 찔렸겠네,8
완벽한 타인은지옥이다..,8
오늘 ocn에서 해주는거 봤는데 재밌네,9
그냥 식탁위에서 이정도로 흥미진진을 유발해 낼 수 있다니.. 그저 감탄.. 정말정말 재밌어요 진짜진짜;;; 최고임,10
"심장쫄깃하게하고, 웃기고 두시간 금방갔음. 배우들이 명품배우인듯. 지루하다는 느낌이하나 안들고, 특히 유해진.이서진연기가 신내린듯 연기 완벽했음.",10
진짜 웰메이드 영화인데 영화시간 내내 자기네 안방에서처럼 쉬지 않고 얘기하고 비닐에서 온갖 음식 꺼내먹던 젊은 할머니들 때문에 정말 너무 괴로웠다. 제발 기본예의없으면 밖에 나오지말고 집에만 계세요,10
진짜 오질라게 가식적이고 인위적이네연..역시 난 한국영화 체질이 아님ㅇㅇ돈 안내고봐서 너무너무 다행임 스토리도 연출도 답없음,2
"평점 왜케높냐 딱 6.5점짜리 영화임 , 극한직업은 6점",1
ㅠ진짜루 괜히 봤어요.  ㅜㅜ,1
"재밌어서 2점 준다. 기분 드러워지는 영화라서 1점에서 상향조정.보통 평범한 사람이라면 전화 문자도 거의안오고 와도 평범할텐데, 비밀이 많고, 사생활 더러운 사람들의 이야기라는것이지.",2
쓰레기의 끝판왕 영화 문제다,1
20OOO 최악의 영화.,2
원작과 의미가 다 다르게 연출했네요 .... 영화라는게 뭔지 모르고 만든느낌,1
염정아 연기 졸라 잘하네..ㄷㄷ,10
"나만 이상한건가.토나올거 같더라.죄다 바람이야.아내랑,남편 다 바람에 친구랑 바람피고게이인거 밝혀지고.난 최악의 영화라고생각듦.차라리 헌터킬러가 대박이지.제목 촌스러운데 옛날 크리슨타이든이란  최고의 잠수함영화보다 ...",1
이미 10년 전쯤 비슷한코드 외국영화본적있음. 신선하지도 재밌지도 않네 불쾌풍성하네,1
대사들이 맛깔나고 재미있었는데 이서진 연기는 혼자 겉돌아서 너무 어색어색;;;;,8
평점 너무 높은거 아니냐? 준모 역은 캐릭터 소화를 전혀 못하고 스토리는 깊이 없는 대사들의 나열이 다네. 에혀..,1
왜케 평점이 좋을까 중후반부터 지루하고 막장일일드라마 뺨치게 가든데..나만 그저그렇게 봤나ㅠ,5
"영화 수준 참 낮네..,",1
딸부터 시작해서 아빠 엄마 친구 직장동료 할것없이 더러운 성적인 묘사와 관계로 얽히고 설켜진 구역질 나는 영화. 쓰고버린 콘덤하고 휴지를 섞어 한입에 넣어 씹는 느낌의 그런 영화... 주제가 이런거 밖에 없냐? 딱 ...,1
시대 역행하는 영화시대 흐름 좀 읽어야 할 듯,1
가짜 사랑들 사이에서 진짜처럼 보이게 만드는 동성애 옹호영화,1
막장 요소들의 결합 ㅡ 연기들은 잘하지만 평점이 너무 후하다 ㅡ ?,2
"내용도 연기도 다 별로ㅜㅜ오랜만에 최악의 영화 봤네 시간, 돈 아깝고여운도 없고 ㅡㅡ",2
재미없고 노잼에 이해가 안됨,1
평점 높아서 본 영화인데 별로네요,1
반지 돌아가는거보고 인셉션이 떠오르면서설마 이런 결말이겠어.. 생각하고 결말이 들어맞은 순간 짜증났던..,4
시대 역행 그 이상 그 이하 아닌,1
다들 저렇게 사나요? 웃기는 부분이 있었지만 내용은 최악이었어요.,1
"막 까내리려는게 아니라 진짜 궁금해서 물어보는건데 재미있어요? 갑자기 동성애를 개그소재로 삼거나,, 불편한 점이 많아 인상 팍 찌푸리고 봤는데 진짜 진심으로 어떤부분이 재미있었는지 누가 나한테 설명 좀 해줘요...",1
영화는 나쁘지 않았는데. 유해진이  진지하게 자신이 게이여서 싫은거냐고 할때 사람들 웃는게 너무 소름돋음. 감독은 나름 진지하게 만든 부분인거 같은데 정말 ... 다 웃는데 혼자 소름이 돋음. 근데 설마 감독이 진짜...,1
너무 기대했나보다 ㅜ그냥 말장난같은 영화,4
"웃기지만 웃음을 만드는 방법이 잘못됐다. 불륜이 “제3의삶”인가?  동성애에 관한 우스꽝스러운 묘사, 의사의 환자에 대한 성희롱, 그 외 식사시간에 이루어진 질 낮은 농담들이 감독과 배우의 비판의식 담긴 적나라한 풍...",2
"현실적이라고 하는데, 결말부에 막장으로 끌어모을 수 있는 것들을 억지로 다 쑤셔넣는 느낌을 지울 수가 없다. 6명 다 약점이 있고 서로 얽혀야 하는데 그냥 이서진 OOO기로 끝난 영화.",5
평이 너무 만점이라 이상하네요;;한공간에서 찍은것에대해서는 완성작에 박수~,6
보고나서 기분 더럽다 평점 ㄴㄴ,6
아니 이게 어떻게 9점대 영화얔ㅋㅋㅋㅋ딱 6점이 적당함 평점에 속지마세요 이거 재밌다고 극찬하는 사람은 딱 이정도 영화 수준인듯..,6
"솔직히 가족 , 부모,  연인끼리 보러가면  ㅡ 엄청 뻘줌할듯 ㅡ  사실상 음담패설로 웃음을 자아내는 영화인데,",3
이서진 발연기 이하생략,2
한국영화에기대를너무많이했던걸까..,4
스포일러가 포함된 감상평입니다. 감상평 보기,2
소재가 깨달음을 주지만 그보다 지저분함이 더해서 보는 내내 심신이 오염되는 기분. 스트레스 받으면서 봄.. 남에게 추천할일은 없는 영화.,4
이서진같은 친구는 없어도 될듯?,10
솔직히 더러운 인간관계를 들춰내서 불편한사람들도 이해가간다. 보던 나도 정말 기분 별로였으니까..그런데 사실 우리 모두는 좋은것만 보고 살수는 없다. 항상 힘든것과 마주하며 좋은것을 기억에 남기려 노력할 뿐이다. 그...,10
대화가 너무 유치해서 집중할수가 없다..,3
A급배우들로 B급영화만들었네,1
미쳤나..? 이게 재밌다고?.. 토할뻔했네;..,2
외국 영화베끼고  이서진이 연기 쒰다뻑이고..이런게 6백만이라니 기가막히고만.,2
이서진 딴 여자 임신시킨거 아니냐?그리고 염정아는 왜 음주운전하냐..?뭐하자는 거냐..,1
일단 이 감독의 영화는 앞으로 안보기로 결정,1
진짜최악 부부연인끼리봐서좋을꺼하나없어요,1
위험한 만찬 표절이잖아 ㅡㅡ 뭐 요즘 얼마나 참신한 영화를 만들것냐 어차피 플롯은 다 똑같은디,1
평점만 믿고 영화본 내가 잘못이다.... 보는 내내 ㅈㄴ찝찝해서 끝에가서 뭔가 사이다같은 전개가 나올줄 알았는데 모든 가정파탄 나고 끝 ㅋㅋㅋ 그리고 마지막에 누구에게나 비밀은 있다 ㅇㅈㄹ  ㅋㅋㅋ 앞으론 평점만 믿...,1
노잼..짜증나는 연기를 보여준 배우도 있고...,1
개인적인 생각으로는 불륜과 성에 대한 코미디만 난무하는 저급한 영화였다. 보는 내내 지루했다. 전달하고 싶은 메시지는 동일하게 하되 전개를 더 흥미진진하게 했으면 그나마 더 나았을 것 같다.,1
십분보고 계속 그런식으로 이어질듯한 예감으로 후회..넘 노잼,1
미쳔냐!이걸 영화라고 만들었냐!!시간아까워~평점 믿지마세요!! 제발~~!,1
억지개연성.. 대체 이게 신비한 동물보다 뭐가재밌다는것인가?,1
노땅 꼰대들이나 좋아할 영화인데.,1
일점도 아까워 이게영화냐 막장드라마보다 못해,1
아쉬운 점이 있다면 마지막에 30년이상 알고 지내던 친구들의 모임에서 가정이 동시에 파탄나고하루에모든안좋은일이너무비정상적으로 과하다싶을정도로계속연달아터지고 긴장감을 끊기지 않게 할려고 한게 오히려 적당한 웃음이 지나...,7
굉장히 별로였어요 연기는 보기좋았으나 내용이..,2
기대를 너무많이했나.. 간혹 재밌는장면들은 있으나 전체적으로 막 재밌거나 반전있거나 하진않음 뭐 반전이라면 잠깐 있었으나 그거에대한 개연성은없었고 그냥 잠깐나오고 끝. 한시간은그냥저냥봤는데 그후에는 시계를 봄. 최악...,4
웃음포인트가 있으나주된 내용은 불륜 동성애 불신시대가 그러하다 하지만 보고난 후 별로 남는게 없는 영화다,2
이걸봄 정상적인 가정을 꾸리고 사는 사람이 없는것 같은 느낌을 주는영화 웃긴장면이 있을지언정전혀 웃기지도 않고 재밌지도 않음블랙코미디 느낌이 맞을듯 씁쓸한 웃음근데 영화관에서 사람들은그냥 웃겨서 웃는거같았음제작비 안...,4
굉장히 기분나쁜 영화.,2
참~~평점에 낚임.극장에서 볼 영화는 아님.,4
이 영화가 왜이렇게 고평가 받아야 하는질 모르겠음... 무엇을 이야기 하는지... 바람을 피워도 가만히 있어야 하는 건지.. 이야기 하지말고 가만히 있으면 아무일 없는게 되는건지... 인셉션 장면은 오마주 했니......,5
웃기긴하다. 내용은 쓰레기ㅋㅋ,6
7점대 영화. 기대를 너무 했나?,1
특이한 설정이긴 하지만 너무 자연스럽지 않고 스토리를 이끌어 가기위한 부자연스러운  진행  계속 저런 게임을 하고 있다는것이 이해가 안되는 설정,1
미개한 조센징의영화 완벽한노답영화,1
결혼 하지말라고 대놓고 길게 얘기하는 영화,1
그냥 말이 필요없는 쓰레기 영화!!,1
"남편이랑 같이 봤는데 웃음코드가 어딘지도 모르겠고 블랙코미디라고 해서 가벼운 마음으로 봤다가 뭔가 찝찝 불쾌, 딱히 기억에 남는 장면도 없고 그냥 이서진역이 OOO기라는거? 배우들은 연기 진짜 잘했지만 그냥 B급영화...",1
섹드립 난무하는 이 영화가 뭐가 재밌다는건지....  그냥 보고 있기 계속 불편하던데,1
전혀 공감안되는 억지설정,2
이거 뭐야... 내시간.. 내돈...ㅠ 평점보고 속았네 재밌다는 사람들은 대체 정체가 뭐지...,1
올해가 가기전에 이 영화를 봐서 다행이네요올해 최악의 영화내년에 봤으면 연초부터 기분 나쁠 뻔,1
최악 불쾌하고 기분나빴으며 모든 사건들이 불편했음 차라리 내가 바람펴서 찔려서 불편한거면 아무말 못 하지만 그게 아닌 서사가 별로고 급낮고 저질같음 이런 영화가 아직도 나오다니..한국영화 돈주고 보는거 아님 이거 보...,1
평점..도대체 누가 준건가..잔뜩 기대하고 갔다가보는내내 저급한내용땜에 불편하고보고나서도 허무하고 기분나쁜 여운이...공감한다는 사람들 대체 어떤 인생들을 살길래내  40년 인생에 최악의 영화!만든사람도 출연한 배우...,1
기분 개찝찝함 초반엔 킬링타임용으로 웃기긴한데 갈수록 파국임,1
결혼 한 사람이 아니면 안보는게 맞는 영화,1
보는 내내 불편했다 구시대적 코미디,1
유해진 개그쇼에 1점. 밝히는 중딩정도가 쓴듯한 유치한 저질 대사 난무에 극단적인 막장설정과 꾸역꾸역 쑤셔넣은 무근본 전개. 블랙코미디에도 수준이 있지 ㅉㅉ,1
정말 따분하고 지루한 영화였는데.. 사람들 나만 이영화볼수없다 이건가ㅋㅋ아님 알바푼건가,1
시작 15분만에 잠 ㅋㅋ,2
솔직하게 평이과대평가된거같기도해요.재미는 일부분이고심오하고 답답? 심란해요.지극히 주관적인 평입니다.,2
당했다. 당신의 시간은 소중합니다.,1
"좀 예민한 사람들만 불편한 영화다. 라는 평가가 있길래 나는 괜찮겠징 하고 봤는데, 저 예민한 사람 절대 아닌데 그냥 불편하고 재미가 그다지 있지도 않네요..",4
평점이 말도안되게 높아서1점준다  내평점은 6.5 좀 웃기긴함..이서진 연기 왜케못함..? 연기공부 다시해야됨..캐스팅을잘못한듯..진심..,1
개연성 없는 스토리와 대사. 명연기자와 좋은 컨셉으로 훌륭한 작품을 만들 수 있었을텐데 아쉬움. 작위적인 대사가 정말 별로입니다.,1
"현실적인 얘기를 하고 싶어 보이지만, 그러기엔 캐릭터 설정들이 죄다 쓰레기만 끌어모운.. 다만, 다른 결말의 엔딩은 소름돋음. 평점보고 너무 높아서 놀람. 7점대라 평균낮추고감.",1
개인적으로 사람과 사람 사이 가장 중요한 부분이 신뢰라고 생각하기 때문에 내용은 거지같았고 유해진+염정아 연기력만 점수 드림. 능력없어서 처가 돈으로 빌어먹는 주제에 가지가지하는 이서진 캐릭터가 최악이었음.,4
최고 쓰레기 영화라는 한마디면 충분함,1
이 영화가 재미있고 개그로 보인다면 진짜 무지하고 생각수준 낮은겁니다. 온갖 혐오란 혐오와 비하가 쏟아지던데 이게 재밌나? 요즘시대에도 이런영화가 나온다는게 놀라울뿐~응  비혼다짐,1
최쵳최악 다 보고나면 사랑하는사람들을 의심하게 만드는 나쁜영화에요.. 평점 좋게 준 사람들은 정말오 영화가 공감되거나 즐거웠나요? 누구에게나 사적인 삶이 있을 순 있지만 불륜이 포장되는 이런 영화 저질이에요,1
야 이게 영화냐??장난치냐?? 개스트레스만 쳐받네 노잼에 답잡하기만하고 어휴 전형적인 한국영화,1
오랜만에 남편과 본 영화 기대도 없이 봤지만 결혼 15년차인 저에게 참 씁쓸한 줄거리였습니다.,1
도대체 뭘 본건지 모르겠어요..평점이 거의 만점이라면 호불호가 없이 거의 대부분이 상당히 만족할만한 영화라는 말이 되는데..그렇지는  않은것 같아요...이게 보헤미안 랩소디를 제쳤다니....,5
엥 이게 왜 재밌지...?,1
별점 어이가 없다 재미 없다,4
진짜 불편하고 그 모든 일들을 내가 직접 경험한 것 같은 최악의 영화.. 연기 자체는 좋았지만.. 처음부터 끝까지 너무 답답하네요. 중간에 웃긴 부분이 있긴했지만 ..왜이렇게평점이 높은건지...??,1
이영화가 이정도로 평가 좋은 영화인건가? 현실성이 있어서? 아님 현실적이지 않아서?,4
알바들 장난아니네요~10점은 티 안나게 피하셨어야죠!^^  10점 영화는 아니니 마음 비우고 보시면 나쁘지 않으실듯 하네요,6
보는 내내 불쾌한 느낌밖에 못 느낀 영화인데 평점은 왜이리 높은건지;;; 좋은 배우들로 이런 똥을 만들기 쉽지 않을듯,1
재미없다...그리고 이서진연기가 너무....말할때마다 깨던데...결론도 시시..,1
씨갈 개역겹고 더러운영화ㅜㅡㅜㅡ,1
평점이 왜이래??? 클레멘타인 후속작이냐???타인시리즈 대단하네 ㅋㅋㅋ,1
역겨운 영화. 유머로 포장한 불쾌한 성희롱만 난무.억지 해피엔딩으로 가부장남성을 아내 생각하는 정상남(?)으로 포장하는 수준하며 동성애 비하오지게 하더니 마지막에 포용하는 척. 성희롱 밥먹듯 하던주제에 딸애랑 통화할...,1
그냥 찝찝하고 별로다ㅡㅡ,1
"예고편만 보구  보는게 아니어야 하는 영화다.배우들의 연기는 좋으나 내용은 남을게 없는, 괜히 억울하게 낚인기분!!!",1
뭘말하려는 건지 메세지는 좋은데 성소수자 희화화에 불륜 임신 우정으로 지켜주고 여적여에 엄청난 사회의 편견이 때려박아져있음 ㅋㅋ 가부장적이고 ㅋㅋ 이걸 비밀은 누구에게나 있다~ 하고 마무리되는게 .. 뭐지? 싶었음 ...,2
"자.. 들어봅시다! 재미있다는 분들은 어느부분이 재미있었나요??  중간중간 웃음 포인트는 있었으나.. 그게 다임.. 그게 평점 9점을 만들 수 없는 영화임 ㅡㅡ^ 보는내내 불편했던 영화.(참고로 ""다*""...",1
"대놓고 여혐 버무리 영화.. 헐리우드스타일은 개ㅂ불...,, ㅋㅋ딱 한국감성이지 이게....",1
알바 풀었냐? 한장면 웃기는거 빼고는 나머지는 대체 주인공들이 왜 저러는지도 모르겠고 그냥 억지로 만든 코미디?아줌마들만 웃던데.진짜 걍 그랬음,4
영화자체는 웃겼는데 내용상으론 정말 별로 결혼할생각없는분들은 보지마세요... 더하기싫어짐 남자들이 실제로 그런다는건 아니지만,2
말 같지 않은 영화....웃음있는 영화는 맞지만...작품성이 너무 없고...우리 대한민국 영화 최근 현실을 보게됨 ㅜㅜ,2
0점 없냐? 이런영화 돈주고 왜 보는거냐????,1
걍 한국영화는 기다렸다 명절때 보셔들,1
이건 영화가 아닙니다 시청자들의 수준을 기만하지 마시죠,1
"말하기 불편한 것을 말해주는 것이 예술 또는 블랙코미디라고 생각한 것 같은데, 그렇다면 적어도 그에 대해 비하하는 감독의 시선이 느껴지지는 않게 해줬어야 하지 않나.. 유해진이 동성애 포즈를 취하는 장면, 염정아가 ...",1
영화보는 내내 답답해미치는줄 알음. 배우들이 아깝고 저질스러운 소재로 소비한게 제일 짜증남.,1
아직도 이런 개그를 팔고 또 거기에 웃어주는 사람들이 있다는 게 공포다,1
시대흐름을 따라가지 못하는 사람들이 이렇게나 많다,1
평점 보고 혹 해서 봤는데걍~ 집에서 종편 드라마 하나 보고 온 느낌.돈도 아깝고 시간도 아깝고~평점이 9.2점이나 돼서 봤더니그냥 출발비디오여행서 하이라이트 보여준게 영화의 90% 이상은 되는듯...유해진 두어번 ...,1
진짜 영화 평론 한번도 남긴적 없는데 남깁니다 아내 잇으면서 친구 아내랑 바람나고 다른 여자 임신시킨게 그냥 비밀이 있는 삶이라고요 ㅋㅋㅋㅋ 그게 성적취향 숨기는 수준의 비밀밖에 안된다는 사상 잘 알겠고 감독작품 무...,1
ㅋ내 인생 최악의 쓰레기 영화 편견으로 가득찬 아재가 편견을 비판하는양 만들었으나 빻은 생각이 영화 전체에 가득한 영화,1
이게 평점9점짜리영화냐? 온나라가 다 조작이고 사기판이네.,1
도대체 이런걸 영화라고...말하고 싶은게 뭐야~~남들다 이 모양으로 사니 너도 더럽게 살아라?그래도  괜찮다? 아님  위선은 삶을 지탱하는 요소다? 남는 메세지도 없고 그렇다고 웃음이 아주 많은것도 아니고 불쾌하기 ...,1
보헤미안랩소디 보다가 이거 보니까 격 떨어진다.,1
너무 웃어서 스트레스  풀었어요 ~,10
현실성이 왜 없단 거지 ㅋㅋ매 우 현실적인 문제들비밀의 나 있잖아요 다들 재밌게봤습니당,8
재밌긴 함.. 기깔나게 근데 평론가들이 점수를 짜게준 이유는 있음. ㅋㅋㅋ,6
예산이 적어도 충분히 대작을 만들수 있다는 것을 보여줌,10
올만에 재밌는 영화봤다. 연기도 연기인데 내용자체가 있을수있을법해서 씁쓸,10
진짜 배우들 연기..보면서 ㄴㅐ가 다쫄림 이게 배우지..한공간 에서 끝나는지도 모르고 몰입해서봄..,10
밑에분. 오늘 특선영화로 나와요,10
"영화가 끝나고 나서도 한참을 생각하게 되는, 오래 기억에 남는 영화",10
본격 아싸 권장 영화 ㅋㅋ,8
반전이 없었다면 재미있었을까? 확실한건 영화 보고 난 뒤에 표현할 수 없는 불쾌감이 너무 크게 자리를 잡음,5
최고최고 진짜 말 필요없듬,10
김지수 이서진 역겹다.,7
이서진이 이렇게 연기 잘하는 줄 몰랐네ㅋㅋ 아니 이런 능글거리는 연기라고 해야하나,10
한 장소에서 벌어지는 인간의 추악한 천태만상을 풀어내는 블랙코미디. 한국영화에서 기대하지 못한 참신한 작품,8
처음부터 끝까지 기분 나쁜 영화그만보고 싶어도 쓰레기짓의 한계가 과연 어디까지인가 궁금해서 보게됐네요남는건 배우들의 명연기밖에 없어요진짜 다들 OOO기 연기 끝내줌,2
"평점조절로 1점 줌. 적당한 평점은 5점대? 한정된 공간,시간에서 영활 끌어갈려니 억지 설정이 너무 많아 보기힘듬. 저급한 연극 한편 본듯",1
귀걸이 너무 뜬금없는거 아니냐,3
와대단 어떻게 제작비를 이렇게 안쓰고 영화를 만들수가있지? ㅎㅎ 밥상위에서 4식구 대화하는것밖에없네,4
더러운데 깨끗한척 답답한,5
OO 진짜 암걸리는건 거의도가니급 영화네..,1
씹인싸들 에게는 그 어떤 영화보다도 무서운 영화일 것이다.,10
뭔가 있는 듯 하지만 결국 별것 없는. 가볍고 웃기지만 코미다라고 부르기엔 웃음도 모자란.  고작 비밀이라는 것이 남 험담하고 바람 피우는 것이 전부인 수준.,5
다괜찮은데..친구여자하고는 그럼 안되지,5
현실속 공감을 통해 공포를 이끌어 내기엔 다소 억지스러운 상황 전개 와 설정. 킬링타임용 영화,6
참나ㅋㅋㅋ 절레절레 한다 이건 믿거,1
진부함과 저급함의 앙상블,2
이게 평점이 9점대라고? 너무 웃기다 불륜 동성애를 개그코드로 이 쓰레기 영화가 존재한다는 것도 빡치지만 더 빡치는 건 이런 걸 웃기다고 웃는 사람들의 반응이다 평점 1점도 아깝다,1
영화 진행을 위한 억지로 얽히고 섥힌 이야기들이 불편하게만 느껴진다. 나름 위트는 볼만하지만 그닥 추천은 못하겠다,4
주변에 이딴 친구들이 없다는게 감사할 따름,2
"결말만 아니면;;; 더테러라이브처럼 한장소에서 흥미진진한것도 좋았고 중반까진 괜찮았다. 송하윤,조진웅,영배? 빼곤 다 쓰레기임^^ 이서진 젤 쓰레기 퉤",7
반지 계속 도는거 보니까 꿈속이네,9
생각보다 평범하다. 역린은 재밌었는데,6
원래 우리나라 사람들이 막장내용에 환장하잖아 잘 노렸네ㅋㅋㅋ,4
나쁘진않았는데 9점넘는 영화인진 모르겠어요. .  .,7
에효;;더할말이 없는데 10글자이상쓰라네,4
출연진만 보고 영화를 보면 안되는구나...를 잘알게 된 영화,6
씁쓸하다....에휴,5
ㄱ ㅐ 막장에 말도안되는 스토리 .... 보다보면 심장쫄리는 영화..집에들 안가고 왜 계속 저러고있지라는 생각이드는영화..,5
김지수 배역 같은 사람이 현실에선 정말 더러운 류... 적폐지,9
영화가 뭐이리 막장이냐ㅋ 너무 극단적이네,1
이서진 예능많이하고 광고 많이 찍어서 그런가 연기하는게 적응이 안되네.. 광고보는 느낌,1
별로였음....시간지나면 내가 이거 봤었나 기억도안날고같음 너무 가벼움,2
이 영화총제작비:강원도 특산물음식값,2
劇情?爛 電影不知道要表達什?..,2
정치적 뒤틀림을 불편하게 세뇌시킨다,2
연기력도 좋고 이서진씬 좀 딸렷지만 중간중간 웃음요소도있었지만 보는내내 맘불편했네요가족이지만 서로 숨기고 바람피고 30년넘는친구 와이프랑바람피고 동성애옹호하고..영화속에서도 가족을생각하는 훈훈한 영화를 좀 그렷믐하네...,4
군데 군데 조진웅과 유해진의 케미로 인해 재밌는 요소가 있지만 전체적으로 봤을때 9점대 평점의 영화는 아닌듯하네요. 특히 이서진의 어색한 연기가 너무 아쉬웠습니다.,4
-&/&:?;828@2,2
너무 별로였음. 찝찝함만 남았다,1
내용이 보기 너무 불편한데...,4
웃기는 장면도 많았지만 그 속에 현재를 살아가는 각자의 비밀이야기... 마지막 결론이 사랑으로 맺어서 결혼한 부부인데..너무도 서로를 모른 체 숨기며 살아가는 것  같아서 보고 나서 기분이 찜찜했어요.,2
뭔가  기분나쁜 영화..,5
기대한 것 보단 별로..,5
사람은 양파같다 까도 까도,2
진짜 인생영화 나온것 같아요,10
우린 생각보다 완벽하지않고 쉽게 상처받는다.,10
가볍거나..진지하거나...오랜친구과의술자리는둘중에 하나여야한다.,2
어디가 잼있는지 모르는 영화 나만 웃음의 코드가 틀리나?   걸작선님 리뷰 부탁드립니다.,2
인간의  감정중  남녀간의  문제에  집중했다는것   아쉽네요,4
게이가 가장 사랑에 대해서 잘 아네 소중한 것이 무엇인지 깨달아서 그런가.... 아이러니,9
남들에게 내 폰을 공개 할 만큼 떳떳한 사람이 몇이나 될까,10
"오늘 보면서 ""허미 ㅅㅣ벌 어떡해 졷됌....""하면서 입틀막을 몇번을 했나 모르겠네ㅋㅋㅋ 오랜만에 잘만든 한국영화에 박수를 보냅니다. 영화관에서 봤으면 극장 안 관객들 동시에 하는 리액션 보는재미가 있...",10
이 영화에서 보여주는게 씁쓸하고 부정하고 싶지만 우리의 현실이라는거...잔잔한 일상속에 감추고 있는 나만의 비밀스런 공포심,8
비하와 풍자를 구분못하는 얼간이들이 많구나. 이 영화의 가장 큰 장점은 관객이 이 영화를 코미디로 받아들이느냐 불쾌함으로 받아들이느냐를 감독이 정하는 것이 아닌 결국 관객 스스로가 결정하게 한다는 점이다.,9
어거지가 너무심하니 화가난다,1
재미있으면서 의미심장한 영화,8
김지수가 이서진때릴때 제일 쇼크 ㅋㅋㅋ,10
후반에 염정화 울면서 하는 대사 너무 길어서 따분했음,2
솔직히 잘만든 영화 맞다. 하지만 보는내내 오장육부가 뒤틀리는 불편함을 느꼇다. 민감한 사람이라면 절대 비추천함. 진심 1점주려다가 마지막에 엔딩때문에 그나마 약간힐링되서 2점준다. 최악의 영화였다.,2
사랑과전쟁 단체판 그냥시간떼우기정도 기대없이봐도 그냥그럼;; 영화매니아들은 후기보고 기대하고 봤다간 큰코다침 ㅡ ㅡ,6
미췬.집에서 뒤늦게 봤는데 완전노잼.,2
핸드폰 게임을 왜 한거지 ?아주 개 판이네 별로 좋은 생각은 들어갈꺼 같진 않다 이렇게 더럽다니...,2
평점 9  동감 못합니다. 싼가격 비티비로 봐서 그나마 후회는 안합니다,4
평점이 높길레 기대하고 봤는데 지루한 영화였다.,1
굳이 왜 봤나 싶다 개 잡 넘 들 이야기,2
평점알바가 판을 차는구만.... 낚엿다.. iptv에 우와.. 저거 찍은 배우들도 사기꾼이네,2
자극적이기만 저질영화,2
이런 영화가 9점대라니.  ㅎ,1
"전개가 억지, 개연성 없고 고스포드파크를 봐라",1
"보는 내내, 그리고 본 후에도 불쾌한 영화. 영화관에서 큰 스크린으로 안 보길 잘 했다. 음향 연출이나 긴장감 조성은 좋지만, 대체 최종적으로 말하고자 하는 내용이 정확히 뭔지 모르겠다.",1
요즘 한국 영화는 왜 원작의 존재유무를 먼저 알리지 않는지.순수 창작물처럼 입다물고 있다가 나중에 사실을 알게된 사람들이 나오면 그때서야 양심고백하는 이유가 뭘까.,1
병맛영화가 이런거네...,1
"저짓거리를 왜하는지 이해불가인영화, 분위기가 안좋으면 중간에라도 그만두면 되잖아? 현실성이 전혀없어서 몰입이안됨",1
소재는 독특하지만 인간의 타락함을 너무 극적으로 연출해서 보기 불편했음.,1
"재미없던데...  인간중독, 김창수가 낫다",2
ㅋㅋ 베댓중에 알바도 있는 듯.. 갠적인 생각이지만 9.09나올만큼 좋은 영환 아닌듯 특히 결말이 매우 엉뚱.. 알꺼 다 아는데 낙천적인 분위기.. 불편하고 싫음 차라리 다 밝히는게 속이 시원하지 전개도 별로고 웃기...,4
역시 영화관 가서 안보길 잘했음..ㅋㅋ 졸라 잼없고 뭔내용인지 전혀모르겠음ㅋㅋ 내생에 최악의 영화..ㅋㅋ,1
테이블위에 반지돌아가면서 달과 오버랩되는거 너무너무 촌시러죽겠네 아 짜증나,2
또다른 제목은 모르는게 약이라는 건가요,4
배우들 연기는 말할것이 없다.하지만 스토리가 망쳤다.. 보는내내 화만나고,4
이서진같은 남편만날까 무섭다,8
보면 볼수록  굉장히 불편한 영화,1
배우들의 연기로 억지로 살린 영화,1
이게 왜 15세야 ㅋㅋ 솔로면 걍 보지마라 현타온다;; 겉과 속이 다른 현대인에 대한 비판은 좋았다,1
알바가 너무 많네 이거보다가 엄청 졸았는데 뭐여,1
중간중간 웃기긴한데보고나면 기분이좀 더럽네요남자들의 더러운 얘기들은기분,2
개봉날짜 잘잡았다.. 왜이렇게 평점이높지..,2
프랑스영화 리메이크 작품이자너,2
그냥 그랬다. 웃긴 장면 몇 제외하고는 별 감흥도 없었고,4
저예산영화일줄 알았는데 손익분기점이 180만명? 그렇담 배우들 출연료가 얼마나 많길래 손익분기점이 .... ^^ 입소문으로 흥행이 이어지는 영화라 이정도만.,1
설정은 신선하고 오락성이 다분하지만 등장인물들은 아주 틀에 박힌듯한 선입견에 범벅이된 인물들로 즐비하다. 심지어 조연에 목소리 출연의 고마운 카메오들 마져 전형적인 이라는 틀로 만들어낸 불편하고 역겨운 설정에 보고난...,1
우리나라 극장의 현실 예매율은 보헤미안랩소디에 한참 떨어지는데 관객수는 더 많음 ㅋㅋ요즘 트렌드가 불륜이긴한듯 좋은영화아님,1
와 평점높아서 기대했는데 알바였구나...나만 이상한줄,1
이게 왜 9점대인지 노이해,6
코미디라길래 가볍게 볼랬는데 블랙코미디ㅜㅜ...  보고나서 찝찝함만 남는 영화. 집에 누워 편하게 보긴 괜찮은 영화지만 영화관에서 보기에는 좀...,4
완벽한 저예산 영화   인간적으로 더이상 기대치없음,6
그냥 그렇던데 돈아까움 보헤미안을 한번 더 볼껄,5
웃음포인트가 많아 가볍게 보시는분들은 재밌게 느끼실수도 있는데 저는 개인적으로 이게 웃긴가 싶었어요. 그래서 영화가 말하려는게 비밀을 알려고 하지말라는건가? 실제적으로 이렇게 사생활이 더러운 사람들이 많진않겠지만 보...,4
단막극 드라마 수준 정도의 시나리오 생사람 게이 만들며 웃기려는 코드도 식상하다그냥 특집드라마 정도로 만들지 머 이딴걸 영화로까지,4
잘만든 드라마 정도..솔직히  극장에서 보긴 좀 돈 아까웠음,7
난 진짜 별로였는데 허구헌날 바람 밖에는 소잿거리가 없는건가,6
"배우들의 연기는 너무 좋았으나, 스토리의 설정에 과한 감이 있고 현대 사회의 가정 속에서 부정적인 요소들만 들어나 안타깝고 그런 이유로 웃픈느낌이 났습니다.",6
기대가너무컸나보오 초반유해진만재미짐,2
극장에서 봐서 볼만한 정도지 집에서 보면 핵노잼일듯..뭐가 꿀잼인지..중간중간 웃긴장면 두세개 있는듯..스토리도.참...결국은 불륜..,4
중간중간 몇번 웃긴거 빼고는 너무 심심한영화 돈주고 보기는 아깝네요,6
그거 들먹이는거 싫은데 쩝,1
앞에서 친한척 굴고 뒤에선 재수없다 까내리는 전형적인 여적여 프레임. 또 차라리 끝까지 코미디였으면 재미있는 막장 드라마 한편 본 것 같고 말텐데 이도저도 아닌 교훈 남기기...그냥 속고 사는게 낫다? 근데 그러기엔...,6
조진웅 아내가 제일 ㅆㄹㄱ아님?,8
재미있었는데 마지막 이서진 임신까지는 너무 아침드라마던데...,8
이거 메시지가 무엇이지?이서진 비밀중 바람피는 여친이 임신까지 했다는데~결말은 모르는 게 약이다? 이런 분위기던데....,1
빡쳐서길게쓴다.평점 진짜 뻥튀기 됬다...염정아연기때문에 그나마 2점줌 나오는 인물들 성격이 다 겉속이 다르고 위선자들 같음 친하다는 사람들끼리 저런관계가 정상임? 일 다벌려놓고 끝엔 다꿈 ?열린결말?ㅋㅋ각본쓰기쉽네...,2
이게 재밌다고..? 평점 높아서 봤더니.. 보는 내내 불편하기만 함,1
뭐이딴영화가ㅠ 평점 8점 결혼은 안하는게 답이다 영화내용이 현실임,1
솔직히 9점대 영화는 아닌듯기대하고봤는데 대체 어디가 재밌다는건지이서진연기도 영 어색하고 불륜을 감싸주는게 남자들의 의리인척 포장하는것도 역겨움원작 반의반도 못따라가는영화,1
아니 뭐가 웃긴데? 웃기다고 한 사람들 전혀 이해가 안됨 그냥 불편하기만 하던데? 여러모로 의미나 배우들의 연기력은 훌륭하지만 웃긴거는 전혀 없음. 도대체 뭐가 어디서 웃겼냐?,1
와 이게 왜 평점이 좋지? 보다가 기분 나빠서 끔;;,1
보다 졸았음재미없어요,2
평점 8점대나 7점 후반대가 나을듯. 조정 위해서 낮게 올림,1
개 암. 가슴답답하고 꽉 막힌기분 ;;;; 왜봣지 되돌리고싶다 배우들 연기는 최고..,1
세상은 또라이 천지다 ㅈ같은세상,1
별점 높아서 기대하고 봤는데 이게 재밌냐? 비속적인 말과 행동만 난무하고 영화가 가볍기 그지없다,2
온갖 개막장.사랑과 전쟁 스토리를 믹스해서 영화로 만든듯...,1
진짜로 처음부터 끝가지 너무 재미없어요 엄마랑 봣는데 둘다 같은생각 중간에 피식피식 가끔그런면만나오고 노잼 ㄹㅇ팩트에요 따른리뷰 믿지마요,1
평점믿고 보러갔는데 재미 하나도 없고 불편하기만함  돈아까움 공짜로 보여준데도 안봄 제발 댓글광고 좀 그만했으면,1
기대를하지말고갈걸그랬나.. 한편으론웃기지만 다른한편으론 역겹고 찝찝하게만드는한편의 싸구려 영화.. 생각없이 가볍게보는게 최고일듯.. 여튼 난실패한영화.. 끝까지못보고나옴,1
실내 올로케이션 영화인 듯신선했지만 재미는 없었어용,2
억지 설정으로 느껴지고 끝난 후 기분이 안 좋은건 나뿐인가?,2
재미도 감동도 교훈도 후..,1
쓰레기라고 하면 쓰레기가 더 기분 나쁠듯~죄다 평점 알바들이구만,1
제정신 아닌 사람들을 보는 것 같은 영화,4
기분나쁘고 불쾌한 한남코미디~ 아내가 남편한테 존댓말쓰고 남자가 바람피는건 당연한거고 숨겨줘야하고~ 배나온 남자들이 여자 품평 오지게 하고 여자들은 듣고 가만있고~~,1
좋지 않은 메세지를 전달할 수 있는 소지가 다분한 영화,1
불륜을 일반화 시키는 이야기 개인적으로 이영화 보고나서 더욱 더 아무도 못믿겠고 정직한 사람은 끝까지 불쌍했다,2
신나게 웃으며 봤지만 명배우들 연기 빼면 하나도 남는 것 없는 삼류영화.,1
OO같은 영화 ㅗ오오ㅗ,1
보지 마세요.... 완전 별로,1
전혀 새로울 게 없는 떡볶이 같은 영화,4
진짜 진짜 별로ㅠㅠㅠ돈 아까운 영화에요엄청난 비밀을 기대한 것이 잘못이었나 결국은불륜이었다.,2
기대했던것보다는 별로이다 예고편에서 나오는 웃긴장면이랑 유해진이 그걸로오해받아 연기하는것만 웃기고 넘 기대를 많이했나,6
"불편한 영화.. 그냥 코메디 인줄 알았더니 블랙 코메디였어.. 영화 끝나고 너무 찝찝한 기분이였어요. 하지만 상영관 안의 분위기는 좋아서 3점드릴게요. 성차별, 동성애혐오, 병원환자성추행 등 이런것들 희화화해서 기분...",3
영화를 보는내내 제작비 얼마일까 궁금했던사람중 한명이며 이서진은 극중캐릭터랑 안맞는 느낌같았고 그냥저냥 시간 떼우기 영화? 우와 볼만하자 우와 와닿는다는 개념은 아니라서,6
이서진 연기 어색해서 불편,4
여자로써 비혼을 결심하게 하는 영화.,1
ㅆㄹㄱ 더이상 설명이 필요없음,2
평점만큼 재미있는지 모르겠네요.ㅜ 그저 유쾌한 영화인줄 알고 봤는데.. 아니더군요,6
호불호가 갈리는 영화 내용은 없음,2
"뿌려놓은 떡밥 회수가 귀찮아서 남의 영화에 묻어가려는 건 절대로 오마주가 아닙니다. 또 관객들은 바보가 아니니 문제의 장면을 두 번이나 보여주고, 배우들 입으로 확인사살 시켜주실 필요도 없습니다. 영화 만드는 게 귀...",2
"게임을 시작해 비밀이 드러난게 해피엔딩일까, 묻어두고 사는게 해피엔딩일까.",8
블랙만 있고 코믹은 없네요.,2
재미없을 거 같았는데 평점이 생각보다 말도 안되게 높길래 한번 봤는데... 내 취향의 영화는 아니였다ㅜ 근데 귀걸이는 진짜 대박....,2
연기는 좋았으나 메시지는 그닥,1
여혐버무리 영화- 21살짜리랑 바람핀 남편을 욕해야지 21살짜리가 천박한 년이라 하는 클라스ㅋㅋㅋㅋ,2
시간낭비다.필름낭비다.관객이 왜 그딴 얘기를 들어야하느냐?,1
왜 0점은 없는지; 모르겠네;,1
보는 내내 불쾌 왜 뜬건지 이해 X,1
사람의 관계는 친구든 사랑하는 사람이든 신뢰가 기본... 교훈도 의미도 재미도 정말 하나도 없는 영화,1
쓰레기같은 영화입니다 왜 평점 높은지,2
"왜, 별점 선택에 0점은 없지? 촬영장소 비용을 다 댓글알바에 썼나봅니다.진짜 댓글 알바들 열일 합니다.영화티켓비용, 내 시간, 주차비 심지어 팝콘비도 아까웠던 적은 처음이네요.보는 내내 불쾌했습니다.",1
보는 내내 불편함만 가득,1
여혐 범벅 성소수자 혐오 영화,2
오랜만에 신랑이랑 영화관 데이뚜~뭘볼까하다  현재1위~코믹해?~ 평이너무좋길래~선택...보다가  중간에 나왔다.집가는길..신랑테  한소리묵음.ㅡㅡ이거예매했다고?취향차이이긴 하나?알바들 풀었었나?나중에 지베서 보기용임...,2
작가 ㅋㅋ 사람들의 삶을 세가지로 단정짓냐 ㅉ,1
현실에선 호구같은 조진웅같은 남자. 없다,1
너무 재미 없다!! 비추!! 코미디라며 웃을 수 있는 부분이 없었다는...,1
불륜과 동성애를 저조한 웃음코드로 쓰는 답이없는 영화,1
일루미나티 스러운 부엉이와 알게모르게 동성애가 절대 나쁜게아니고 누구나 게이가 될수있다고 세뇌하고싶었나 가족을 무너트리려는 영화라서 실망,1
"언젯적 여적여 프레임에 여혐이 난무하고 분노조절장애 남자들, 성소수자 혐오 조롱이 아무렇지도 않게 표현되는..마지막엔 불륜, 바람 미화까지ㅋㅋㅋ 완벽한 쓰레기 영화",1
진짜 최악인데 평점 왜높냐,1
남자들은 다 믿을놈 없다는 걸 보여주는 영화.다른건 모르겠고 친구아내랑 바람피는 건 또 뭔지..게이에 대한 불편한 시선 또한 누군가가 보면 불쾌했을 영화임보헤미안 랩소디나 여타의 블록버스터 급 영화랑은 차원이 다른 ...,1
20OOO 역대 최악의영화,1
이 영화 덕분에 한국영화 더 안볼듯,1
평점9점대 받을영화는 절대 아니다,1
솔직히지루했고한번씩 빵 터질땐있었지만 ㅡ돈아까움  나중 집서 다운받아볼걸보헤미안 랩소디 반도 못 따라옴,6
돈 ㅌ아까웠음 쓰레기영화,1
내용  없는 무념영화 이해불가,1
진짜 누가 9점 만든거야...;;,1
남자들의 우정? 웃기고앉았네,1
한국에서 이런 스타일의 영화가완벽한 짜임새를 이루며 성공할 수있다는 것만으로 신선하고 반가운 일.너무 천편일률 조폭 범죄영화가 난무하는 충무로에서 말이지,10
그냥 현실성 제로인 쓰레기 f급영화,1
어후 왜이렇게 영화가 짜증나는지.. 나는 이런 영화 진짜 싫다.,1
배우들의 연기와 웃음 빼고는 불쾌했던 영화.. ‘3가지의 나’가 존재한다고 하지만 불륜도 비밀스러운 자신의 내면 세계가 있는것마냥 치부해버리는 영화. 완벽한 타인이라는건 서로를 고쳐주고 비판해주는 것 같은데 그저 더...,2
너무 과하고 불쾌했어요. 영화 왠만하면 잘보는데 안본눈사요 진짜..,6
방금 보고 나왔는데 사실 별기대 안하고 갔다가 너무 재밌게 보고 나왔습니다 배우들 연기력은 물론 스토리도 완벽 지루할틈도 없었습니다 대박 날거같아요,10
코미디인데 스릴러 못지 않은 긴장감이 있네요 ㅎㅎ 볼만합니다,8
재미 긴장 공감있습니다. 각본쓴사람 잘썼다! 연기도 자기옷입은듯 잘했음..,8
이야 진짜 재밌게 잘봤어요!!ㅎㅎ,10
와우ㅋㅋ진짜생각지도못하게넘잼있어요~^^,10
공감~만배~심장 쫄깃ㅋㅋ^^,10
진짜 영화! 연기 최고! 재미 만점!,10
배우들은 좋은거 인정 소재도 신선한거 인정근데 연출때문인지 머때문인진 몰라도 전개가 너무 뜬금없고 부자연스러울때가 중간중간 많았음이게 9점대라고?ㅋㅋㅋ 네이버는 진짜 알바한테 다 적셔졌구나 진짜,1
이게 블랙코미디라고? 그냥 존나지루한데,2
뭐냐이거? 이걸 300만을 보게 한거니?  드라마니? 스릴러니? 로맨스니?뭐니? 결말도없고?  인도영화도 이런건 안만든다~마동석하고 뭔차이냐이게~,1
역시나.겉은 화려해졌어도 속은 찌들다못해 냄새나는 사회가 되었다?차라리  발리우드.홍콩느와르 영화가 백만배는 더 좋은듯. 영화를 통해 낭만에 대한 상상력을 키우기는 커녕 저질코메디에 헛웃음만 웃다가 나도 같이 욕하고...,1
평점 높아서 시간이 남아서 본 영화. 남친은 재미있다고 봤는데 전 보는 내내 불편했음. 친구들끼리 나눈 농담에도 가시가 있었고 서로 상처주는 말을 아무렇지 않게 하고 희화화시키는 모습이 불편했어요. 기분 전환하려고 ...,1
저질농담과 가정파탄 나는 장면을 실시간으로 보여주는 영화... 보고 나서 기분이 좋진 않았습니다,1
보지마라 이거보고 헤어졋다,1
오늘 봤는데 돈주고 보기엔..,1
염정아 유해진이 다한 영화. 염정아가 이렇게 연기 잘하는줄 몰랐음.,9
"이건 진짜 쩔었다.. 한국영화가 낼 수 있는 최대한 중에 하나.. 명품 배우들은 이렇게 쓰는 것이란걸 보여주는 영화.. 자연스러운 개 웃긴 코믹, 긴장감, 반전, 경악 모든 것이 있음.. 지인이 말한것을 격하게 공감...",9
다된영화 이서진뿌리기,8
사람은 다 누구나 그런척하며 한심한 놈들 미화하는 영화. 동성애빼고는 다 하나같이 추잡하네요 특히 남자들..ㅜ 영화보면서 스트레스얻어온느낌..ㅠ,1
보는 내내 정말 기분나쁘네요다들 웃으시던데 전 돈쓰고 기분만 나빠졌네요 별 0개는 안되네요,1
"촬영장소는 하나, 스케일은 집안, 심지어 옷도 갈아입지 않았다. 대한민국은 뻔히 예견되는 대사와 코미디를 좋아하나? 억지 웃음 짓게 만드는, 웃음도 별로 유쾌하지 않은 이런 영화는 만들지 않았으면 한다.",1
이게 왜 평점 일위인지 도저히 모르겠음 결말이 정말 쓰레기같다 결국엔 가정파탄으로 이어지는 모든 행동들이 왜 희화화 될 수 있는지 의문,1
별로네 보헤미안비교되네 ㅡㅡ,2
유해진빼고 다 별로..,1
재미없어요 웃기지도 않고.. 무슨 메세지를 주려는 지도 모호해요 너무 억지인 설정도 많고 대사 수준도 시대에 뒤떨어진 느낌.. 배우들이 아까움,1
처음에는 지루해서 잠오고웃긴부분은있지만 왜평점이 높은지 모르겠음ㅡㅡ,1
한국 영화의 현실.. 온갖 혐오에 이걸 웃긴다고 보고 웃고있는 관객들도.. 재밌다고 해서 봤는데 이딴식의 스토리인줄 알았다면 보지 않았을것입니다. 평점이 이렇게 높은 이유를 알 수가 없네요,1
불쾌한 유머는 재미라고 볼수없다,1
"저렴한 대사들로 가득, 아직도 이런 유머가 통한다니 빡대가리들만 웃는 유머들 영화가 가지고 있는 주제는 알겠다만, 그걸 표현하는 방식이 허접하고 추접스러움 자기들만 재밌는 개저씨들의 농담",1
웃기고 슬프고ㅠ열받고ㅠㅠㅠ,10
오랜만에 많이 웃었어요^^,10
영화 엄청 재밌네요. 오랜만에 제대로 몰입해서 본 한국영화입니다.,10
사람은 파고드는것이 본능 같다 들춰내서 상처주고 받더라도 그 끝을 어떻게 해서든 보고싶어 하는 그런.. 변태적 심리.. 다르니까 다르니까 하고 넘어가더라도 끝에는 저 사람 대체 왜 저럴까?,9
최근 본 영화중 최고!강추!,10
꿀잼입니다 배우들연기 짱짱,10
재밌네요...반전의 반전...반전의 연속이네요...,10
영화관에서 다같이 껄껄대고 웃어본적있는가?,10
노련한 배우들의 노련한 연기와 감칠맛 나는 연출 그리고 완벽한 스토리의 힘까지 간만에 웰메이드 코미디 영화 나왔습니다. 강추에요!! 이영화 특히 극장에서 보는게 좋은게 다른 관객들 반응 보는 재미가 완전 쏠쏠,10
꿀잼이였다가 무서웠다가 ㅎㄷㄷ,10
30대 후반 - 50대 초반까지 강추입니다오랜만에 재미난 영화~~~꼭 보세요,10
극장에서 다들 빵빵터졌음 재밌을것 같았는데 기대이상!,10
인간의 심리를 보여준 영화,10
진심 올해 본 영화 중에 최고!! 특히 아줌마에게 웃음코드가 딱 맞아 떨어짐ㅋㅋ,10
"유로 시사회를 봤는데 오랬만에 영화로 힐링했다.무르익은 연기 시감나는 연출왼벽한대사 재미속에 흐르는 긴장감,정말 끝까지 웃으며 긴장하는 묘미,이것이 바로 이 재규 감독의 역랑이라느키며 영화관을 나섰다.",10
대박 완전 굿^^* 대박 대박 완전 대박 진심 대박,10
웃다가 끝난 영화였어요. 하지만 끝나고 나면 좀 생각해봐야하는 내용입니다. 꼭 보세요~,10
그냥 전 혼자 살게요..,1
"사람은 전부 다르기 때문에, 10년 20년 같이 보낸 타인에 대해 전부 알고 있다고 생각하지만 그건 착각이다.  타인의 비밀스러운 모습도 알고 싶어하지만, 판도라의 상자를 여는 순간 관계는 결국 파국으로 치닫는다. ...",10
막장 같은 스토리지만 꿀잼. 깔깔거리고 봤다. 나름 생각도 해볼 수 있는 블랙코메디,10
"연기는 말할 것도 없고, 잘짜여진 배역들의 티키타카 기가 맥힙니다",10
스포일러가 포함된 감상평입니다. 감상평 보기,9
불쾌하다는 관객평이 많은것이 곧 이영화가 얼마나 잘만들었는지 알려준다.,10
"그러니까 사생활은 보여지면 파탄나고, 어느정도 감추며 서로를 이해하면 행복해질 거다 이건가. 뭔가 되게 깝깝한 주제의식이다...",6
너무  현실적인 내용 그자체 ;; 영화니까 격한 소재로 보여줬겠지만 판단은 알아서 하는걸로 ~,9
자기 자신도 자신을 모르고 때론 자기 자신조차 이해하기 힘들고 인정할수 없는 사람이 어찌 타인에 대해  죄다 이해하고 인정 할수 있을까?..그래서 어떤관계든 적정선을 갖으라는 말이 있지. 함정은 가장 가까운 사이가 ...,6
다시봐도 재밌다 굿굿 ㅎㅎㅎㅎ,10
신선한 소재의 여운을 남기는 영화. 핸드폰 하나로 긴장감있는 전개와 함께 마지막 결말을 보니 더 많은 생각이 듬.,10
티비에서 해줘서봤는데넘 재밌게 봤어요~~,10
웰메이드 영화 전개도 흥미진진,10
재밌게 봤습니다. ^^,10
각 캐릭터마다 스토리가 있고 쫄리는 분위기가 좋았어요. 이런 영화 좋아요 ㅎㅎ,10
어쩜 설정도 캐릭터도 배우캐스팅도 이렇게나 성공적인지 ㅎㅎㅎ 이서진님은 지금까지 본 연기중 제일 찰떡,10
"적절한 리메이크, 멋진 배우들의 조화",10
인간에 대한 회의감을 느낌,7
연인끼리 절대 보면 안되는영화,10
억지설정에 융화되지 못하는 배우들. 그다지 현실을 찰지게 반영하지도 못한 어설픈 풍자. 이 영화가 저 평점인게 도저히 이해가 안가네. 시간낭비함.,4
킬링타임용 재미는 있는데 두 번 보라면 안 볼 영화,6
사람은 참 극도로 치밀하고 무섭다.그러나 그렇기에 우리는 서로 지낼 수 있는 것.너무 많은 걸 알게 됐을 때 우리는 지금처럼 지낼 수 없다.,10
제한된 공간과 배우들로 시간을 메워나가는 것이 예술임. 상당히 몰입도가 높음. 배우들의 연기 어마어마하다. 최근 몇 년동안 나온 한국 영화 중 손가락 안에 드는 수작,9
조낸 재밌다 이영화 레알 ㅋ,10
"어린이 들은 이해 하기 힘든 비현실적이면서도 지극히 현실적인 영화. 이 영화는 불륜만 얘기 하는게 아니라, 결혼 후 남편의 무관심에 여성으로써의 사랑을 갈구 하는 모습, 동성애에 대한 사회의 인식, 자식과의 갈등에 ...",10
자꾸 천만하시는데 이런 훌륭한 연기자들로 이런 내용이라면 500만넘었다는게 경이적일뿐. 연기는 너무도 잘봤지만 분위기 어뜨칼껍니까.,5
쟁쟁한 배우들 사이에서 송하윤 대단하네,10
단순한 메세지를 전달하기위해 너무도 작위적인 설정이 많았다.  늘어지는 감도 있었고..그래도 유해진이랑 혼자 온 아저씨가 발코니에서 대화하는씬은 재밌었음ㅋ,7
이서진 쓰레기되고 이해진 게이되는 영화,4
조진웅이 제일 불쌍하다 ...,8
갈등이 벌어지는 상황 하나 하나가 너무나 작의적이다. 그로인해 배우들의 연기까지 어색해지는 상황이 벌어진다. 안타까운 소재의 영화,5
정말 억지 스토리...,2
부랄친구맞냐  다 위선적이네  진심이 없는 인간관계 지겹다,6
무미건조한 대화없는 현재의  사회를 보여주는듯하다   진짜 내사람이다 하는 사람한테 잘하자  사회생활의현실  불알친구 역시다,2
개연성이나 마무리에서 그닥.,7
마지막 빼고는 지루함... 마니,5
이서진 연기 왜 이렇게 붕 뜸? 혼자 연극톤인 것 같음. 이서진 연기 잘했다고 하는 사람들은 영구와 공룡 쭈쭈 보길..,6
그런 게임은 애초에 하는게 아니다,6
그냥 그랬는디~? ..,6
설정이 똑같은 원작이 있구만 감독은 지가 다한것처럼 말하네~!,6
영화를 보고 기분이불편해,9
저는별로.. 완벽히속여라~~~이네요..기분좋아지지않는 찜찜함이..ㅎ머리지끈..,6
평점이 왜이리 높은거지?,1
불륜이 일상화냐?  하여튼... 어두워 어두워,4
쓰레기 새끼가 쓰레기 새끼들 이야기를 쓰레기처럼 그린 애..송...이 영화 . 이 영화에 나오는 가치관은 문제가 있다. 모든지  겉만 핥고 심각한 애고 중독의 악몽 같은 똥덩이다.,1
뭐야 갑자기 영화 밥상 엎듯이 엎어 버리네 마지막에 개똥 같은 자막 찍싸고 말이야 영화에 이렇게 직접적으로 제작자가 개입을 하는 영화는 처음인데 별루다~,5
조진웅 빼고 다쓰레기다,10
음.. 막장드라마보는기분이였음,4
프랑스판보단 못하더라.. 대체적으로 연출이 지나치게 친절함. 반전 이후의 장면들은 진짜 불필요,7
이게 재밌다고? 공감이 많이 되나보네;;;,4
"막장도 뭐 이런 막장이...준모, 예진 제일 쓰레기...갑작스런 비밀보안 엔딩은 세경이가 제일 불쌍하면서 제일 행복한  역으로 바꿔진거 같다...비밀보안유지가 계속 된다면...",6
지저분한 친구들의 불편한 수다방,5
친구마누라따먹은건  좀 그렀다,6
억지스럽고 보기불편한 영화,1
"사람들은 누구나 세개의 삶을 산다고 하는데,모든 사람들이 그런 것은 아니다.더욱이 이 영화에서 나오는 쓰레기 짓들을 꼭 '비밀의 삶'으로 덮어 씌운 판도라의 상자처럼가지고 다니는 사람들이 결코 평균이 ...",4
배우가 아까운 수준. 워스트 이서진,5
제작비 배우 출연료가 다지?,4
"연기는 훌륭했지만, 감동은 없었고 냉소만 남는다.  엔딩을 좀더 깔끔해야하지 않았을깨 생각해본다.",6
기대를 너무 했나... 전 바람람바람바람이 더 재밌더라고요..,4
도대체 이게 왜 9점이냐 ㅈㄴ 난잡한 영화네,2
소재도 신선했고 소름돋고 무서웠다. 영화적인 허구의 상황들이 전혀 어색하지 않고 극의 재미를 더했다. 거기다가 명품배우들의 명연기까지 더해져서 정말 최고다. 휴대폰 하나로 즐겁게 놀러온 지인들과 30년우정친구들의 파...,10
"쫄긴 뭐가 쫄아 답답해 죽는 줄, 모르고 지나가는 부인들 만 개불쌍",1
이서진....개..ㅅ,10
웃음으로 가볍게 쌓아논 폭로전,5
올해 최고의 영화..1,10
아니 근데 저 이 영화 방금 봣는데 마지막에 이서진한테 문자 온 예진이라는 사람이 김지수가 맡은 그 예진인가요...?,10
난 연기들이 어색하던데 ㅋㅋ 그걸일부러표현한거라면 ㅇㅈ,6
역시나 원작 영화 리메이크였네 왠일로 평점이 좋다 했더니만 ㅋㅋㅋ,2
원작을그냥 그대로 가져다옮겨놓음상대적으로 몰입도는 떨어짐99.9%내용 상황 대사까지도그냥 복사작임 ㄷㄷ 심하네,4
일부 공감.현실감은... 글세...걍 웃고 지나갈 영화...,6
프랑스 영화가 훨씬 재미있는듯리메이크작인가?,6
코미디로 갈거면 코미디로 가든가.. 어정쩡한 억지 감동 전개는 뭐지?  그리고 웬  인셉션 패러디?,5
소소한 재미와 후반부로 갈수록 무언가 골똘히 생각하게 만드는 영화. 영화 마지막 문구가 젤 마음에 와닿았다 세개의 삶을 산다는 말,9
엔딩이  이상함  볼일보다 마무리못한 느낌 어정쩡,6
유해진게이에서진짜 배꼽빠지는줄알았네요 ㅋㅋㅋㅋ,8
유해진과 염정아 게이분의 합이 오졌음,10
그다지 잼있게 느끼지 못했음,7
배우들이 만들어낸 뛰어난 영화. 연기력만으로 한편의 영화를 만들었다.,9
중년부부들 영화보고 나오는데 표정이 들이 영 안좋던데...,9
막장 아침드라마 보는줄 알았다 ㅠㅠㅠㅠ 별점이 속아 돈버림...,2
이게 어디가 재밋지 원작이 백배 난데,6
있는 스토리 죄다 쥐어짜서 만든 억지 영화!끝까지 짜증!,2
이 영화는 혼자 보러오는 사람들 많은듯.. 나 또한 혼자봤고.. 혼자보기에 좋은 영화임~ 이 영화를 보고나니 더욱 혼자이고 싶다는 생각이 들었다 ㅎㅎ,10
별로...결국 상상씬...말장난ㅜㅜ,4
재밌다고 봤는데 이건 ㅠ 뒤  마무리가 이상하네  ㄱ,2
연기 연출은 최고였지만 보고나서 일주일 지나도록 마음에 찝찝함이 남는 영화 볼 때만 유쾌한 영화,4
이게 현실이라면 진짜 안타깝네요 뭐 웃긴장면도 있긴했지만 씁쓸합니다,4
발연기없는 영화 정말 오랫만,8
캐스팅오지거 재밋음 ㅋㅋㅋㅋ,10
이서진씨 연기가후퇴하신듯~~,1
올해 내가봤던 최고의 영화. 한 장소에서 이렇게 재밌는 영화가 또 있을까싶을정도,10
"생각할 거리를 정말 많이 주는 영화. 비밀이 많아진 사회, 성 소수자를 인정하는 척 하면서 배척하는 태도들, 권위주의적인 남편 등에 대한 비판이 정말 잘 녹여져 있는 영화라 재미있었고, 화도 났고 마지막에는 속이 시...",10
발상은 좋았지만동성애를 미화시키지는 말아야했어~!!,6
나한테는 연락오는데가 없어서...,1
친구랑 수능끝난 기념으로 봤는데ㅋㅋㅋ진짜 보다가 웃겨서 끄윽끄윽 거림ㅋㅋㅋ옆사람도 웃고 다같이 웃겨 죽을라 함ㅋㅋㅋㅋ기대 안하고 봤는데 꽤 교훈도 있고 즐겁고 괜찮네 이 영화,10
보는 내내 말싸움만 두시간 보느라 괴로웠다. 보고 난후 두통이,2
아무리 친한 친구라도 결국엔 완벽한 타인. 인간 관계의 위선을 잘 꼬집어 낸 영화라고 생각합니다.,7
그냥 그렇다.. 무슨말하는지 의도는알거같다,2
같이 웃다가 끝나고 의구심에 가득찬 내 모습을 보면서 이중성에 자괴감에 빠지게 되는 영화....,4
킬링타임용으로 볼만함.,5
영화가 끝나면 자기의 비밀을 생각하게 되는 영화,10
연인 친구 가족 우리는 완벽한 타인이다,10
너무 막장인데 ;;;;,4
기대하고봤는데. 좀실망 과한상황전개가 조금 산만하고 어색합니다.  말하려는 포인트도 알겠고 공감은가지만 자연스럽지못한 연출과 스토리가 아쉽네요.,6
그냥그럼 유해진이 좀 웃겼음평점9점짜리  영화는 아님,2
평점이랑 흥행기사 보고 기대했는데 완전 노잼에 막장이라 본 거 후회함,2
꼭 봐라 이거 잘 만들었다,10
다들 그냥 폭소도가니였음간만에 많이 웃었네요완전 개꿀잼!!!! >_< 평점높은건 다 이유가있는법꼭보세용 두번보세요 세번보세용,10
반전을 보는 재미도 솔솔하지만 결말이 생각보다 괜찮았던 영화 극장에서 보시길 추천드려요,10
영화를 이렇게도 만들 수 있구나~!! 참신하고 깔끔하고 몰입감 있고 재미있고..창궐에서 받은 상처 아주 깨끗히 치유했음 강추!!,10
긴말 안한다 그냥 봐임마,10
간간 코믹 요소가 있지만공포는 없음평점이 높은 이유를 모르겠는평균7점도인 영화평점에 속는 나같은 사람도 있을것,2
이영화가 어떻게 15세?,6
메이드인차이나 본 여자들 김치근성 한심하더라,6
과대포장에 혀를 내두르며 나왔다,6
이영화가 평점이 이렇게 좋다니ㅜㅜ유해진연긴 좋았음~~웃고픈 내용~~~,6
너무기대가 컸나? 많이 웃기지는 않았음,6
재밌어요 내가 좋아하는 스타일의 영화..크 흥미롭다.드러나던 드러나지않던 나는 우리의 비밀의 삶을 존중하련다!,10
조금 과한느낌  연기자체는 굿,6
더러웠다 갑자기 내사람도...? 란 생각이들었다,2
엄청 빵빵 터질정도는 아니지만 식탁이라는 제한된 공간에서 사생활 공개 게임이라는 소재로 많은 이야기를 뽑아낸게 좋아서 7점이요...,7
갑자기 내 옆사람이 의심되는 영화,7
보는내내 팡팡 터질 줄 알았는데 그 정도 코미디는 아니었고... 실컷 웃으려고 보려면 비추인 영화. 나름의 교훈은 있겠으나 실질적으로 뭘 말하려는지는 애매모호.,6
와 ..배우들의연기 연출력 하나로 그어떤 블록버스터급 영화보다 재밌다 .,10
영화시작부터  긴장감이 장난아니었음,10
웃음포인트는 곳곳에 있지만 9점이상의 영화는 아닌듯,7
되게 유쾌한데 주제가 무거워서 자꾸 곰씹어보는 영화에요 덕분에 많이 웃었네요!!,10
영화관에서 무슨 코미디연극보는것 처럼 다 소리내서 웃고 재밌었어요 ㅠㅠㅠㅠ 핵잼,10
완전재미있습니다웃기구요~~~~유해진연기 믿고보아요,10
세상에 염정아씨가 이런 연기갑이라뉘 ?염정아밖에 안보임? ㅋ,10
서로를 다 안다고 생각했지만 사실은 서로를 모르고 있던 그렇게 서로를 다 알게되서 걷잡을 수 없게되는 그런 영화. 명품 배우분들의 명품 연기로 전혀 지루하지 않고 오히려 더욱더 몰입하게 되는 최고의 영화라 생각한다....,10
모처럼 아무생각없이 재밌는 영화를 봤어요 끝나고 난 후에 계속 생각하게 만드네요,10
짱잼 !!!!정말 간만에평점 남기네요~^^웃기기도하고 느끼는점도 많아서 신랑이랑 재밌게보고 좋았어요~,10
아 진짜 너무 웃겨ㅋㅋㅋ빨리 끝날까봐 조마조마 하면서 보긴 또 처음이네요,10
출연진 구성 너무 좋았어요.특히 유해진씨 덕에 아주 그냥 우아악!!!,10
너무 날 것의 진실은 오히려 숨겨질 때 안락하다,7
진짜 너무너무너무재밌었음,10
이 영화 완전 미쳤음 존잰 강추,10
영화 소개하는 채널에서 참 뻔하고 재미없게 나오길래기대 1도 안하고 봤는데 재있네요!옆사람은 웃다가 좌석 밑으로 내려갈뻔 했는데..왜 영화 채널에서 편집 그렇게 해서 보여주나!! 못 볼뻔했짜나요! 잼나요 b,8
방한칸에서 찍은 저예산으로 제대로 뽑을듯 아.. 배우 출연료 너무 비싼가?ㅋㅋ 코미디 공포영화.... 하 이서진 케릭터 증말 나쁨 ㅡㅡ. 인셉션 패러디 설마 하려나햇는데ㅋ 진짴ㅋ,8
영화는 영화일뿐 따라하지 말자!!!! 분란유발 하드고어물 ㅋㅋㅋ,9
재미플러스 인생명언 조화가 잘 이루어진 영화,10
별기대 없이 봐서 그런가 너무 재밌었어요! 유부님들 혼자 보는걸 강추합니다 ㅋㅋㅋㅋ 배우들 연기력이 다한 영화!! 특히 이서진의 현대물이 신선해보였어요!,10
너무 웃기고 너무 섬뜩함. 기발한 소재인듯. 모든 배우가 다 좋았다,10
한 번 더 보고 싶어요 ㅋㅋ 재밌네요 ㅋㅋㅋ,10
재밌는데 호러같기도ㅋㅋㅋㅋ 배우분들 연기가 좋았어요 중간중간 명언을 터트려서 공감하기도 했구요 볼 만 했네요!,8
영화를보지는않았지만 영화를보지않아도 예고편만봐도  이영화의 의미를 알거같다,10
각본과 상황으로만 끌고 가는 영화.. 킬링타임용 무비네요 주말에 집에서 뒹굴거릴때 보면 좋아요! 연인이랑은 되도록 보지마세요~^^,8
작품은 작품으로만 보면 된다! 뻔한 멜로보다는 낫다! 실 관람객 500만명 넘었다..봤다... 배우분들 표정...굿... 여기서 평점 낮게주는 인간들은 휴대폰부터 조사 해 봐야 한다. 뭔가 구린게 있으면 낮게준다. ...,10
아무 생각없이 보다가 많은 생각을 하게 만드는 영화네~,10
다들 가면을 쓰고 잘난척 있는척 친절한척 친한척 하지만 실상은 그게 아니라는 현실을 적나라하게 반영하는 영화같다~,10
제일 무서웠던 공포영화였던듯... 결혼하고 싶은 감정이 없어짐 ㅋㅋㅋ,9
가족이 가서 봤는데 식사만으로 이런연출과 스토리를 이끄는게 ㅁㅊ음,10
우리는 어쩔 수 없는 완벽한 타인,9
솔직하게 나도 주위사람들 앞에서 폰 오픈 못하겠다 영화가 비현실적인건 아님,10
근래  본 영화중에 최고였다 사람의 인과관계가 어떻게 형성되는지 보여주는 영화..아마도 호불호가 많이 갈릴것이다,9
연우 목소리가 조정석이였다니,10
다들 연기가 너무 좋았다 특히 염정아 독백씬 나올때마다 연기너무잘해서 놀람,8
한국영화중 베스트. 위트도 있고 대사도 훌륭하고 배우들도 명배우.,10
지루함 없이 빠져들어 봤어요.,10
잘나가다가 너무 억지 설정 연발. 좀 현실성 있게 가야지.,6
근데 김지수는 왜 지 남편 친구랑 바람을...,10
생각보다 더 괜찮아요. 몰입도 좋음,10
내가 예민한편은 아니라 생각했는데... 보는 내내 심각한상황이라 웃지는 못했다. 어떻게 어떤부분에서 사람들이 웃는건지 너무 궁금하다...,3
부부클리닉 사랑과 전쟁...,2
초반엔 흥미롭게 봤는데 영화가 끝나니 기분나빠졌다. 이서진 캐릭터 무너져내리는걸 못봐서 그런듯.,1
청불은 줬어야지 불편하면서 재밌는 블랙유머  마무리전개가 아쉽다,6
왜 불편하다고 하는지 알겠다.,1
불륜...동성애가 소재....조진웅이 젤쨘함ㅋㅋㅋ모든 결혼이 저렇진 않아요...불륜. 동성애없는 조진웅은 정신과 치료받는ㅋ뭔가 비도덕적 자신의 내면이 없는 사람만 상처받는?씁쓸하네요ㅋ,4
이서진 연기 정말 별루임,9
영화지만 저녁시간에 무슨저렇게 사연이 많은지 ... 다들 싸우고싶어 환장한지 왜 저런게임을 하는지...불편했다 그렇게 싸우고 분위기 싸한데 왜 계속하고 계속 자리에 있어? ... 스토리가 전혀 사실감이 없음 아무도 ...,2
결말 OOO기네....장난하냐???,1
기대가 컸는지 지나치게 극단적인 설정에 짜증이 많이 났다,1
원작을 봤는데 원작도 별로 였음.. 게다가 각색도 없이 뭐 거의 원작배꼈는데 한국에 뭔가 맞지않는다는 느낌이 들었음 그리고 마지막으로 원작이나 이 영화나  극단적인 상황을 통해 메세지를 전달함. 정말 영화자체가 너무...,1
그냥 딱히 9점대 영화는 아닌듯하다 솔직히 만원이란 돈이 아까웠다 뭔가 의미가 있는 영화도 아니고 분위기상 그래 보이는 느낌 그러나 신박한 것도 아니고,7
그냥 억지 설정이 난무한 막장 드라마...딱 그수준,1
평점알바 실제로 볼줄이야 ㄷㄷ 장르가 드라마.코미디로 적혀있으니 ㅋ빵빵터졌다고 완전웃겼다고 10점주는 놈들 뭐냐 .. 한둘아니네. 이영화를 봤으면 절대 그런댓글 달수 없지;;,8
기분나쁜영화...불쾌했어요... 가만히 있는 사람 까지 의심하게 되눈,2
"이거 왜 원작 표기 안 합니까? 대사도 콘티도 거의 그대로 사용하는데 크레딧에도 없고, 네이버에도 표기 안하셨네.  그리고 각본에 배세영씨 어떻게 당신이 각본을 쓴게 됩니까? 각색이라고 해야지 원작을 거의 번역 수준...",2
소문엔 잼있다고 했는데 분명 .. 너무 인위적이고 작위적임 작가가 그냥 있는거 없는거 다 갖다붙여놔서  나하고는 안통하는 내용임,6
결론은바람피는것들이 가정의 암덩어리들이다 합리화 시키는것들이 제일 역겨워,4
"평점 보고 영화 봤습니다. 물론 기대도 많이하고요혼자 집중해서 봤지만 몰입도 떨어지네요.내가 이상한건지, 마무리도 그렇고, 한번쯤 봐야할영화지만딱히 추천할만한 영화는 아닌것 같습니다.",6
염정아 연기 좋다는 애들은 머지 아이돌 연기 보는거같은데,6
염정아 명품배우명품연기입니다. 하지만 유해진강제게이행때 졸라웃긴거빼고는 내용이없네요 인간의비밀이라고해봐야 바람 불륜 변태 게이 이런거밖에 없는데 그걸로 2시간끌고가기는 빡세지 지루합니다. 이서진 어색연기는 도저히 봐...,7
극적이려다보니 저속하다. 게다가 후반부로 갈수록 감독이 내뱉는 엉뚱한 독백들이 갑자기 난무한다. 할말많은 사람이 만든 짬뽕같은 영화. 맛도 없다.,3
인간의 심리를 좀 더 자세하게 보여줬으면 하는 아쉬움과 이서진 연기 정말 못한다..,7
소재가 너무 불편함... 애초에 저런 관계가 왜 친구인지도 모르겠고.. 그렇다고 영화 자체가 나쁜것은 아님.,7
만약 비밀이 밝혀졌을때의 상황을 다 보여줘놓고 사실 그 게임안했어 아무일없음~ 이렇게 결말짓는건 너무 찝찝함.저딴 더러움이 숨겨져있는걸 모르고있는게 약이라는건가.다른비밀들은 다 그럴수있다쳐도 김지수랑 이서진은 벌받아...,5
언제부터 이런 영화가 9점이나 됬냐,1
이런 것도 유머라고 ㅋㅋ..저급하고 역겹네,1
개인적으로 한국에서 만든 창작인줄 알았더니이탈리아 원작 보고 그걸 그대로 한국말로 만든거라 욕 나온 1인.,5
원작을보세요..리메이크가망쳤네요,1
이런영화는 유해합니다.,1
좀 그래요ㅎㅎㅎ이런게블랙코미디라는거에요?,4
영화가 끝나지않길 바랬다 오랜만에 느끼는 기분 결말이 궁금하고 끝을 기대하는게 아니라 그냥계속 이어졌으면하는 마음이었다 신선하고 유치한억지들이 없고 물흐르듯 자연스러운 상황을 연출한 시나리오힘과 감독의연출이 대단하게...,9
내가 뭘 본건지 모르겠다. 배우들 연기와 중간 중간 웃긴 말장난들은 좋았으나 나머지는...,4
충격이다 이서진이 이렇게 연기 못하는지 몰랐음 작가가 대사를 그리 만들어 그런건가 아님 원래 이런 발연기 였는지...사람으ㅣ 심리를 이용한 재밌는 그라마인데 이서진때문에 몰입감 깨짐 그러나 다시한번 느끼게 됨 사람 ...,4
영화관에서비싼돈주고드라마보고왔음,6
본격 비혼 장려 영화..ㅋㅋㅋ,4
별로던데 다들 왜 이렇게 호평이지?,2
요즘 한국영화 수준이 왜 이리 낮아졌을까? 소재는 참신하지만 그 소재를 살릴 세부스토리가 매우 부실하다. 엉성한 연결로 집중력을 떨어뜨린다. 게다가 황당한 장면 전환은 보고 있는 두 눈을 의심스럽게 만든다. 영화제작...,5
싸움이 날수 있는 상황을 그린영화네요.웃긴부분은 있었지만 유쾌하지는 않은 웃음?왜 이런 설정을 그려낸걸까요?누구든지 타인을 보는 눈은 완벽하게만 느껴진다는 걸 파해치기위한거려나요.의심이 많은 사람은 보지말길 추천합니...,4
진짜 재밌네요 이런류 영화 많이 나왔으면 좋겠너요,10
"""여자는 걔 재수없어 하면 이쁜거다"" 남자 여자를 아이폰과 안드로이드로 비교한거 너무 공감 갔다.ㅋㅋㅋ 난 이서진 전화벨 울릴때 스릴러인줄 알았다. 너무 쫄리더라 ㅋㅋㅋ그리고 목소리로 배우들 찾는 재미...",9
와 혼자 심심해서 보러갔는데 진짜 집중해서 봤다.마지막 나오는데 뭔가 씁쓸하면서도 내가 편하게 살고싶다면 진짜 모르는게 약이다,10
쓰레기 블록버스터 난국이었던 국내 영화판에 단비같이 찾아온 웰메이드 드라마,9
배우는 수준급연기는 평범연출은 그닥,4
자신의 부인이 자신의 친구와 바람피는 걸 알면서도 가정을 위해 모른 척하는 조진웅과 송하윤이 가장 짠하다... 정말 재밌게 잘 봤어요. 염정아 님 너무 귀여우심 ㅋㅋ 유해진 님 정말 코믹 짱,8
"재미있다고 평점이 좋아서 너무 기대하고 봤나봄;;대체 어디서 웃어야 할지 모르겠음...다만, 이유없이 동성애에 대한 색안경을 가지고 있는 제 자신을 반성하는 계기가 되었음",1
20OOO에도 이런 영화가 나오고 유머코드로 쓰인다는 게 개탄스러울 따름,1
모르는게 과연 약인가요? 결말이 씁쓸한 영화였어요,7
너무 보기 힘든 영화..,1
너무 재밌게 봄. 염정아는 쎄보이는 역할부터 이런 불쌍한 역할까지 소화 안되는 캐릭이 뭐임? 진짜 천상배우다,10
재밋으면서 무서운영화였어요,10
기대만큼은 아니었어요. 그냥 편하게 보시길..,6
이서진의 한계를 보았다.,5
이서진 난봉꾼 역할 누가 캐스팅했냐. 예능만하다보니 연기력 ㅆㅎㅌㅊ. 발성부터 스크린에서 잔뼈굵은 배우들한테 비비질못하네.예능관두고mbc아카데미 등록해서 다니시길.,6
"이 영화는 유해진과 염정아가 살린영화네 재미는있고 이서진빼고 다들 연기잘하고 근데...아,,, 이서진 정말 욕하는거 야한농담 어색해서 힘들었다 이영화에서 이서진의 발연기를 볼수있다",9
...gfsfggteqdcvc,2
연말직전 커플 브레이커 영화,4
"12명의 성난 사람들, 키사라기 미키짱, 맨프럼어스 같은 긴장감과 흥미도를 유발시키지 못했다. 2018 년도인데.. 사람들이 좀 더 영화를 많이 보고 이런 영화가 1위가 되는것에, 다른 영화들이 스크린에 걸리지 못하...",5
불쾌하다 공감이 되지 않는다,6
장소이동없이 2시간을 지루할틈없이 봤다는건 배우들 연기력 최고,10
관객들 다같이 이렇게 웃어본 거 처음인듯ㅋㅋ,10
"너무 웃기고 너무 재밌게 봤는데, 뭔가 씁쓸하다. 인간관계 까 보면 다 이럴까?",10
솔직히 보기힘든 장르인데다가 지루할것 같은 내용이라 기대 안하고 봣던 영화지만 정말 인간관계의 무서움을 잘 표현한것 같다 영화관에서 보는 내내 소름돋앗음 ..,10
웃으며 극장에서 나와 집으로 돌아가는 길에 많은 생각을 하게 만드는 영화,10
영화관을 나오면서 서로에게 저런게임을 해볼수있겠냐는 질문을 하지않는다..소름...,10
싸게 만들었는데 무슨 메세지를 남긴지도 잘 모르겄음,6
막장스토리란게 바로 이런거구만,4
럭키때부터 느꼈지만 유해진은 조연이 아니라 주연으로 가야한다,7
한공간에서만나오고 뭔 영화가 이런지..웃긴장면도 잠시잠시일 분너무 한쪽으로솔려있는기분이에요ㅎ 배우들은다좋았어요..,4
소름돋고 피말리는 영화,10
단지 웃음만 있지 않은 영화! 많은 생각도 하게되는 영화!!,10
개재밌게 웃었는데 재밌었음,10
밀실에서 펼쳐지는 명배우들의 연기대결,10
"이정도면 돈이하나도 안아깝죠~연기력.대본.그리고 젤 중요한 연출력,관객과의 밀당이 기막히도록 연출하셨구요. 볼거리가 많은 영화가 아니라 출연진의 연기가 중요한데 아. .연기도 오지구요 .재미나게 잘봤습니다",10
최고였어요 장소따위는 중요하지않았네요 ㅋㅎ,10
영화 스케일과 상관없이 최근에 본 영화중에제일 재밌게 봤습니다 앞으로도 완벽한타인 같은 영화들이 많이나오기를 기원합니다완벽한타인 땡큐 !!꼭 보세요 두번보세요,10
"웃긴부분도 많습니다만,  불륜이나 찝집한 이야기가 너무 많이나와서 보고나선 좀 기분이 좋진않네요. 어거지식 결말은 덤. 청불도 아니던데 애들이보면 어른들 다 이러는줄 알겠다",5
평점 테러할라고 알바들풀었는데 알바가 관개못따라가는 좋은예^^,10
한국에서 이런영화가...!! 최고였어요,10
"적은 공간에서 이렇게 몰입시킬수 있다는게 놀라웠다,큰 웃음을 주다가도, 진지해졌다가, 다시 반전도 주었다가 배우들의 연기력으로 몰입시킨다는게 대단했고, 본편보다는 앞으로 나올 dvd의 코멘터리가 궁금해지는 영화였음....",10
진짜 시원하게 웃고 재밌는 영화  절대 스릴러요소가 없는데도 긴장되고 흥분되는 영화 너무잘봤어요!,10
최고네요 인간을 위한 완벽한 영화!,10
꼭보시요 개꿀잼 후덜덜,10
타인의 비밀스러운 사생활을 훔쳐보는 듯한...,10
유해진때메 신나게웃었어요ㅎ,8
한국 공포영화입니다..,10
쉴틈없이 빵빵 터지고 오디오가 비질않는다 하나같이 다들 멋진연기 진짜 상상했던 거의 모든것이 빗나갔다 결말도 만족 !,10
최고요진짜유해진은짱짱임,10
그냥 개재밌음 후기처음남길정도,10
몇십억 투자해서 찍은 영화보다 이게 더 낫다 ㅎ,10
마지막 반지돌아가는 장면에서 인셉션이 겹쳐보였네요 ㅋㅋ시간가는줄 몰랐어요,10
식탁하나로 2시간이 어떻게 지나가는지 모르게 몰입했네요,10
그저그랬다...비밀의 자아와 개인적인 자아를 나누는 경계가 너무 모호한 것이 아닌가.,4
10점 주는 사람은 진짜 영화볼줄 모르는 사람 같고 그렇다고 1점까진 아니여도 딱 4점 짜리 영화같음. 뭔가 그냥 이제까지 본 영화들과 다르게 약간 새로운 느낌의 영화였던거 같다.,4
잘 만든 명품영화 입니다 테이블에 집안에서 이야기만으로 이렇게 재미와 긴박감을 줄지 몰랐네요. 모든이야기가 드러나 파탄이나 해피엔딩으로 끝나지 않는다는 결말도 영화의 주제와 잘 맞는 것 같습니다. 다만 마지막에 준모...,10
완전재밋음!!올해 최고의 영화다 꼭봐라,10
재밌게 웃고 나왔어요웃음뒤 씁쓸한 뒷맛..어른들의 영화강추,10
근래 국내외모두 최고의 영화~,10
영화 두번 잘 안보는데 이 영화는 또 봐야겠다 ㅋㅋㅋㅋ,10
"연기, 연출, 스토리로 관객들 잡아먹는 영화. 같이 웃고 놀라고 긴장하고 울다보면 저녁 식사 끝.",10
오랜만에 실컷웃었네요ㅎㅎ,10
너무 재밌음 꼭 보세요!,10
모르는게 약이다라는 말이 떠오른다,10
올해본영화중젤재밌음. 쫄리기도하지만여운도...,10
조진웅이 너무 불쌍했다..,10
영호ㅏ 미쳤음 진짜 와 나 살다 살다 너무 웃겨서 영화보다가 눈물 난적은 첨이네....와 ㅋ,10
우선 만점은 좀 뭣하니 9.5점 주고 싶었는데 .5가 없어서 10점 찍었어요. 간만에 극장에서 다같이 웃는 경험을... 생각보다 너무 웃기고 연기도 너무 잘해서 꿀잼이었어요. 간만에 즐거운 관람이었어요~~아주 만족해...,10
두번봤어요 세번 네번도 봐도 좋을거같아요,10
진짜 너무 웃으면서 본 영화에요 ㅋㅋㅎ 최고의영화 ! 별기대안하구 봤는데 너무 재밌어요~ ~~,10
긴장감.. 코믹.. 감동.. 반전.. 최고의 결말.. 생각하게끔 만든 영화. 올해본 한국영화중 단연 최고인듯,10
진짜 최근 몇년동안 영화보면서 이렇게 웃엇던적이 없었습니다,10
별 만개 각!  다른할말이 전혀없다,10
너무 웃어서 눈물까지 나왔네요~ㅋㅋ,10
????이게모지????,1
"진짜 저 알바생 아니구요 이거는 진짜 천만관객 영화라고 생각해요,, 진짜 꼭봐요,, 진짜루:.ㅠㅠㅠ",10
누구나 비밀은 있다..때론 아무리 가까운 타인이라도 그 비밀을 모르고 살아가는게 모두의 행복이 될수도 있다..,9
인간본성이드러난개꿀잼스릴러공포로맨스코미디아무튼다짬뽕존잼 최소의제작비로최고꿀잼,10
진짜 개꿀잼... 꼭 영화관에서 보세요!!,10
연극으로 만들어도 재미있겠어요,8
진짜 촬영기법이며 스토리 연기 뭐하나 빠지지않는 완벽한 영화,10
처음 평점 남겨요 사람들의 이면을 과장됨 없이 재미있게 보여준 좋은 영화!??,10
정말 기대없이 갔다가 보는 내내 웃고 즐겁게 본 영화! 정말 웃기고 한편으론 인간관계에 대한 깊은 생각을 갖게 하는 영화 강추입니다 꼭보세요,10
집안에서만 연기하는데 단조로운 느낌이 전혀 없다. 연기력들이 뒷받침되니 자연스런 대사흐름이 너무 훌륭하다. 몰입하며 다같이 웃으면서 봤네요. 많은것을 알려하면 다친다!!,8
슬프지만 현실일까요 ..,10
역대급 블랙코미디 영화입니다 꼭보세요 제발,10
영화관에서 같이 보는 사람들도 중요할듯.  거의 만원에 계속 빵빵터지면서봤다,10
영화관사람들 이렇게 크게 웃는거 처음본다 닥치고봐라,10
깜짝놀랐음... 너무 재미있어서,10
연기가 정말 디테일하다. 영화제에서나 봤던 프랑스 영화를 보는 느낌이었다.우리나라에도 이런 영화가 만들어 질 수 있다는 것이 놀랍다.,10
간만에 10점 쏩니다. 티비 예능에서 너무 자주봤던 이서진배우의 양0치 연기가 처음엔 적응 안됐지만 금방 익숙해졌고 모든 배우들의 연기가 좋았습니다. 정말 박장대소하며 봤네요^^,10
억지 스럽지 않은 웃김,10
관객들 다 웃네 ㅋㅋㅋ잼써요,10
이게 두번보고 세번보고 네번보세요 꼭보세요,10
19세로 나왔다면 진짜 더 개대박이었다,10
2시간동안 겁나 웃고 긴장하고 내가 다 불편하고 현장에 직접 있는 기분....끝난 후에도 계속 생각하고 성찰하게 된다,10
오랜만에 남편하고 같이 보기좋은 영화였어요. 재미있기도했고 생각도 많이하게해주는영화였네요ㅋ 반전에반전에반전에ㅋ계속반전ㅋㅋㅋ,10
식탁 앞에 앉아서 두시간 동안 이야기만 하는데 재밌어요~ 가볍게 보기 좋지만 시사하는 주제는 가볍지 않은 것 같습니다!,8
진짜 너무 웃기고 다 연기력이 엄청납니다!!,10
믿을 수 있는 배우들이라 선택했고 꽤 괜찮은 영화였어요,7
시사회봤는데요 진짜 너무웃겨섴ㅋㅋㅋ 눈물흘렸어요 최고입니다,10
내 인생 최고의 신선한 영화,10
스트레스 해소하고 오기 딱 좋은 영화ㅋㅋ간만에 엄청 웃었다,10
올해 최고의 영화입니다...코미디류는 별로 시러하는데...오랜만 영화다운 영화를 봤네요..,10
영화관에서 이렇게 크게 많이 웃어보기는 처음인듯한 영화이다. 진실을 모르고 살아가기에 평화로운 일상,10
지루할틈이 없는 영화!!!,10
"재미,긴장감,대중성,결말,감독이 전하는 메세지모두 완벽한 영화",10
진짜 웃긴데 그게 억지로 웃기려는 작위적인 웃음이 아니어서 좋다.,10
그냥봐 후회없다 진심.,10
"오랜만에 많이 웃은 (블랙)코미디 영화 ^^ 즐거웠지만 한편으로는 오싹, 소름돋기도 했네요 ㅎㅎ 연기 다 잘하셨지만 특히 유해진씨의 유머가 탁월했습니다~~",10
정말 이렇게 한공간안에소 대사로 이렇게 웃길수 있는지.  남편이랑 깔깔대며 봤네요 ㅋㅋ,10
정말..주변에 다추천중인영화,10
한없이 웃기다가도 어려운 영화. 인간관계에 대해 포장하지 않고 날 것으로 잘 만들었다,10
올해보던 국내영화중 탑영화였다.,10
"ㅎㅎ진짜 재밌게 봤다인물들간에 긴장감, 주고받는 대사들의 티키타카로 시간가는줄 모르고 봤다 해진형님 너무 웃기다 내용은 뒤로갈수록 막장이 되갔지만 감독이 우리의 은밀하고 씁쓸한 면을 아주 적나라하게 보여주고 있다 배...",10
"아 ㅜㅜ 강추입니다 ㅠ진짜루  ㅋㅋㅋ진짜 오랜만에 극장에서 육성으로 웃었네요 ㅠ 저 뿐만 아니라 같이 봤던 사람들 모두 다같이 큰소리로 빵빵 터졌습니다 ㅜ감독님, 배우분들 감사해요 _!! 천만 가즈아 _!!!!",10
지금까지 극장에서 영화를 보면서 관객들 웃음소리 때문에 대사가 안들린 상황은 이 영화가 처음이었습니다. 그냥 설명하기싫어요. 10점박을게요!!,10
너무 재밌었어요 진짜 손에 땀을 쥐는 재미. 대환장파티,10
"한마디로 말하자면 킬링타임으로 좋은 영화인데, 그 안에 우리 삶에 은밀하게 숨어있는 본질을 발견할 수 있어서 뻔하지만은 않아요. 등장인물이 한 곳에 모여있는만큼 다양한 생각이 나오기 때문에 그 어디로도 치우치지 않으...",9
크 간만에 정말재밋게봤습니다!ㅋㅋㅋ,10
빵빵터지기도하고 긴장감도있고 믿고보는연기파 배우들덕에 내내 즐거운 시간이었음 간만에 괜찮은 영화!,10
재밌다 ㅋㅋㅋ 오랜만에 영화보면서 크게 웃었네 ㅋㅋ,10
한국 코미디나 이런거 유치해서 안보는데 이건 너무 재밌네요ㅎㅎ,10
다들연기최고! 유쾌하게 잘봤어요,10
웃는게 웃는게 아닌 웃는게 된다.,10
보다가 진짜로 너무 웃겨서 호흡곤란올뻔했어요 영화보다가 이렇게 웃은적 처음이에요ㅋㅋㅋㅋ웃음이 안멈춰서 중간에 밖에 나갈뻔했습니다 유해진 진짜 너무 웃김ㅋㅋ내용도 신선하고 재밌게 봤습니다!!,10
즐겁게봤습니다~~~~^^,10
간만에 한국영화 너무 재밋게 봄,10
재밌게 볼만함 재밌었음,9
지루할거라생각했는데 시간가는줄 몰랏당ㅎㅎ,10
진짜 대박!! 너누 잼있어요!!! 연기 진짜 미쳤다!!,10
재미나요 추천합니다..,10
"30대,40대가 보기 딱 좋은 영화같아요.",10
ㅋ아니 ㅋㅋ개웃겼음ㅋㅋ,10
아무런 정보없이 봤습니다 정말 추천합니다,10
올해 본 영화중에 최고였다,10
영화관에서 박수치면서 보는게 얼마만인지 모르겠어요. 정말박장대소했고 의미도깊은 영화였어요 연인들 꼭보시길!,10
최고 진짜최고 최고최고 미쳤다,10
조진웅 의문의 1패 ㅠㅠ진짜 세상재밌다,10
인간관계가 전부라고 해도 과언이 아닌 세상속에서 안전지대라고 착각한 관계들을 발칵 뒤집어 엎고는 아무렇지않게 실실웃는 영화,10
"관객을 들었다 놨다 하는 영화 ㅋ 때론 진실이 가장 잔인하다는 것을 알면서도, 이 영화를 보면 새삼스럽게 심장이 내려앉는다. 어쩌면 나를 둘러싼 관계들을 잃고 싶지 않기에 우리 모두는 무던히도 상대를 믿으려 애쓰는지...",10
막 쉴틈없이 내내 웃긴건 아니었지만~~~ 57살 키티에서는 진짜 웃겨 미치는 줄 ㅋㅋ숨멎ㅋㅋㅋ 나름 교훈도 있고 즐겁게 잘본 영화 ㅋㅋㅋ 애초에 가족에게 비밀을 만들지 말자 그리고 모르는게 약이다 ㅋㅋㅋ,9
이야 이거야 말로 불편한 재미구나 너무 재밌다.,10
잘만들었네. 도깨비 공유 부하님은 이번 작품에서 확실하게 배우로 자리잡을 듯.,10
배우들의 연기 미장센 특히나 후반부의 인셉션 오마주는 정말최고네요 꼭 보시기를 있음직한 상황들과 배우들의 표정연기또한 일품,10
배우 하나하나 연기 다 좋고 흠잡을 때 없네요비밀은 비밀로 있을때가 아름답다 는 ㅎㅎ,10
"총평 : 세상 불편한 집들이, 코미디를 가장한 공포영화",10
"시나리오 정말 탄탄하네요. 액션 영화도 아닌데, 지루할 틈이 없어요. 연기는 모두 최고. 특히 유해진님 멋져요.",10
주변사람들에게 꼭 추천해주고싶은 영화다.,10
좋은 영화 잘봤습니다영원한 비밀은없다,10
좋은 영화 였어요. 유해진이 주인공,8
볼만함 추천 합니다 오늘 명동에서 봄,10
현실판 공포영화....,10
너무 재미 있게 봤어요..김지수도 이쁘고~~,10
내용은 다르지만 한국판 man from earth 같았습니다,10
넘재밌게봤어요 너무 웃다가 눈물날정도,10
개꿀잼!!영화관에서 다들 다같이 웃고 끝까지 재미있는 영화 였습니다,10
나랑 영화가 비슷하니 잼있네,10
재밋엇음 많이웃었음ㅋㅋㅋ,10
"와 진짜 영화관에서 이렇게 웃으면서 본 영화 처음,,어떻게 끝날까 하면서 보다가 반전에 놀라고 엔딩올라갈때 목소리 출현 배우에 두번 놀람ㅋㅋ",10
타인은 지옥이다. 난 이 영화가 재밌고 신선했음,10
어쩌면 진정한 스릴러.,8
목소리역 배우들 알고 보는 것과 모르고 보는 것 또 다른 재미네욬ㅋ,8
너무 낱낱이 들여다보느라 불편했다,7
사람만으로 대사만으로 꽉채운 영화였다. 아쉬운 부분도 있지만 요즘같은 영화시장 속 필요한 영화,8
"아닌척, 모르는척, 점잖은척하면서 저기 맘속깊은곳 어디에는 다들 일탈하고픈, 저질이되고픈 욕망을 누구든 갖고있다.",7
불편하면서 이렇게 끌리는 영화는 처음이네요 천재감독인듯,10
"그냥, 개그콘서트 봐라..",1
진심 감독 싸이코패스세끼 뭔 이런 개같은 영화를,2
나는 계속 불편... 나만불편..?,2
너무 극단적인 설정... 몰입이 안된다. 과하다.,1
원작만 못하다...연기자들이 연기하는게 티난다...리허설 많이 한 느낌..다운받아서 볼껄 돈아까워~~,1
김지수 귀걸이 반전이다!!!,10
유해진 배우가 염정아 배우를 때릴까봐 영화 보는 내내 무서웠고 영화가 끝난 후에도 머리가 지끈거릴 정도로 두려움이 지속됐다.1점까지는 아닌 영화지만 현재 평점이 과하게 높다고 생각되기에 1점.5~6점대로 떨어지면 적...,1
너무 극단의 상황만을 보여준 듯. 꼴보기 싫다.,1
이 영화는 단편영화로 나왔으면 딱 좋을영화 극장에서 평점 9점대에 홀리지 마시길.... 진짜 비추 입니다.,1
연기는 훌륭했다. 하지만 내용은 쓰레기다.,1
올해 본 것중 최악의 영화다,1
생각할수록 열받네 남자들은 투자사기당하고 바람피고 성적취향이 이샅하고 아니면 다른성을 좋아하고 여자는 그냥 뒷담까는거나 남편한테 관심못받아 외로워서 일기쓴거 밖에 없고 그냥 남성비하 영화아니냐 연기를 잘해서 본거지 ...,1
잼난다고 한놈들 나와라 빨리... 영화 만든놈 직계사돈에팔촌까지 ... 씹노잼,1
9점대는 아닌데.... -.-,4
지극히 개인적으로 공감이 안가서. 평점을 후하게는 못주겠음..,5
불편러들만 불편한 영화,9
점수가 너무 높네요 그래서 1점 줍니다,1
평점보고 속음. 뻔한막장스토리....영화보고 돈 아까운적 처음이였다. 이서진 연기 너무 못하고 유해진만 웃겼음,1
내가 뭘 본건지 모르겠다,1
알바들이냐?  졸 지루했다완벽한 졸림,2
정말 생각 없는 사람만 웃긴 영화인듯... 저급한 사람들의 농담을 보는 느낌? 수준이 너무 낮아서 수치심마저 들 지경... 아니나다를까 영화관 진상인 것 같은 아저씨들이 크게 웃으면서 없던 분위기마저 깸. 커플들은 ...,1
생각보다 사람들 평이 좋아서 놀람ㅎㅎ,6
인셉션 모티브? 최악이고 마지막에 자막은 더 최악 어디가 열린결말인지?,2
믿고 이영화안봅니다잉.ㅋ,1
청소년 불가영화.어른으로써 낯부끄러워지는 영화.그냥 코미디영화로 보기는 너무 심각함.,4
유해진 조진웅 연기력 갑이네요,10
솔직히 그냥 중간중간 엄청 웃기기는한데 평점 개오바임 중간에 쫌 ㅈ같기도하고,1
이영화가재밋다고하는사람들은왜일까?한마디로재미없음,1
배우들의 연기력은 좋지만 아슬아슬 줄타기를 하듯 매우 불쾌한 영화..,1
극장안이 빵빵터짐ㅎㅎ한공간에서 배우7명이 두시간 다끌고감그뒤엔뭔가생각하게되고씁쓸하기도..서로믿고살아야지 뭐ㅎㅎ,9
유해진씨 연기는 언제봐도 그 역에 잘 녹아든다 ..이영화야말로 가벼운 무거움. 무거운 가벼움그 속에 무서움,10
너무 뻔하고 유치해요... 보다가 왜 굳이 이런걸 웃음코드로 넣었는지 읭?스러운 부분이 많았어요.,2
재미없어요ㅡ개인적으로 ?,2
보는내내 지칩니다.쓸데없이 감정소모가 심하네요....,5
인간적으로 제작비 안들보 너무 짜맞추기 억어지고 서로 휴대폰 잠금장치를 심해질듯,2
그냥 주제 자체가 별로임,2
보는내내 유쾌한 영화가 아니라 진짜 불쾌한 영화였는데 왤케 호평이지? 이게 웃긴가?,2
이게 재미있니? 아주 드러운 것을 골라서 좋아하네 ㅋㅋ,1
그냥 그럼  민수 없으면 코메디도 아니고,1
분명히 웃긴부분은 있다. 본인이 비교적 깨끗한 삶을 살았다면 이 영화를 마냥 재밌는영화로 생각하진 못할거다. 왜냐하면 주인공들의 비밀이라는게 절대로 공감이 안되기때문이다.. 웃으면서도 불편.. 어찌보면 착하고 정직하...,2
감독이 진심 현실을 아는 천재다,10
후 정말 재밌는데 생각이 많아지게하는 영화다.남자들 진짜 다그러냐!?,10
딱1점도 아까웠던 영화,1
이게 왜 ? 왜 1위야 돈아깝다 정말 뻔하고 진부한영화,2
그냥 그래요 참 편하게 영화 찍은 것 같네요,1
별로ㅕㄹ러벼어어ㅓ어어앙,1
한국에서는 그래도 인지도 있는 배우들인데..연기력이 왜???,2
별 한개도 아깝다.평 보고 웃을라고  갔드만한개도 안웃기더라~,2
너무너무 재밌기도 했고 세가지의 나에 대해 돌아보는 시간이 되었어요 아 그리고 염정아님 연기 너무 잘하세요ㅠㅠ,10
배우들 연기가 다한 영화 ..영화끝나고 커플들 폰내놔라하면서 싸움ㅋ,1
재미는 있으나 억지 설정 토나옴,5
6천원이면 볼만함 도만원 주면서 보긴조금 아까움. 기다렸다가 내년 추석때 보면됨,5
이서진의 역활을 이병헌이 했다면 좋았을거 같다는 상상을 해봤습니다. 현실과 연기의 경계가 모호한.,10
댓글보다 글씁니다.! 이 영화가 동성애혐오라는 사람은 어떤식으로 해석한건지 몰라도 개인적으로 저는 동성애인것을 친구나 가족인 가까운사람한테도 말하기힘든 사회를 비판한걸로 봤어요.. 암튼 영화보는내내 영화관사람들이랑 ...,10
안시성이니 협상이니 그렇게 돈 쳐 안발라도 이렇게 재밌을수 있습니다,10
세경 .영배는 뭔 죄임 ㅋ 유해진은 변했기라도 하지,1
게임을 제안한 김지수가 제일 가증스러워,9
2시간내내  졸지않고  봤다,10
솔직히 잘만들었다 보고 남는게있잖음,10
재미없는 농담.. 진짜 최악.,2
미드 카피~  기대가 너무 컷던걸까~~,5
키티부터가 킬링파트 시작,10
세개의.. 인생이 있다...,10
진짜 올해의 블랙코미다 인생영화,10
진짜 이건 공포와 코미디  도대체 결말이 어떻게 날꺼야? 라고 생각했짘ㅋㅋㅋ 공감한다 망해가는 한국영화에 단비다 식탁에서 이런 영화를..,10
생각외...짱정말 재밌네요.오랜만에 웃고갑니다.,10
완벽한 영화.. 결론을 정하는 영화가 아닌 질문을 던지는 고퀄리티 영화.. 비록 씁쓸한 현실을 담고 있지만 비밀에 자유로울 사람 얼마나 있을까? 오랜만에 본 좋은 영화!,10
기대 이상이였어요. 현실적인 이야기를 다룬 어른 영화라 할까 ㅋㅋ배꼽잡으면서 본 영화였네여 추천합니다,10
"방금영화 봤다.올해 본 23편 중 최고. 최근 가장 많이 웃었고 재미도 있고 생각할 부분에 반전까지.오랜만에 두 번 봐도 괜찮겠다는 생각이 들었다. 평점은 8점. 대신 연인, 부부가 같이본다면 불신의 씨앗이 싹틀 수...",8
무겁지 않으나 여운이 남는 영화,10
이건 꼭 바야지. 단. 결혼했거나 30대 이상 ㅋㅋㅋ,10
이건 진짜 오랫만애 본 한국영화중 역작,10
인간의 이중성에 대한 고찰을 그린영화 시간가는줄 모르고 봤다~~~!,10
후덜덜하군요..공포영화임ㅋㅋ,10
영화관에서 단체로 웃었어요ㅋㅋㅋㅋ 재밌어요!,10
별 기대없이 봣는데 최고예요~~  영화보고 나오자마자 써요 ㅋ,10
제한된 공간에서  영화 거의 대부분을 촬영했는데도  지루하거나  단순하지도 않고  내용과 구성이 짜임새가 있으며  메세지도 있어 모처럼 실컷 웃을수 있는   유쾌한 영화였음,10
그냥 보세요....대박임,10
한곳에서 이렇게 재미있게 이야길 풀어나가는데..너무잼있어요,10
대박 명작우리나라에 이런 영화가 나오다니,10
간만에 스트레스를 날려버릴수 있는 힐링영화였습니다.,10
진짜 댓글을 안달 수가 없네요대박인생영화... 미친듯이 배꼽잡다가 미친듯이 생각하게 만드는 영화우리는 모두 비밀을 간직하며 행복하게 살자구요^^,10
영화관에서 엄청 웃고 즐거운 시간 보냈다,9
영화가 한공간에서 일어나는 2시간짜리 영화인데 지루하지않고 짜임새있고 마지막에는 한번더 생각해보게 만드는 진짜 잘만든 영화! 댓글 첨 남겨봐요,10
인셉션 토템ㅋㅋㅋㅋ터무니 없는 설정이지만 짜임새도 좋고 받아들이는이에 따라 교훈이 다양한 영화. 조진웅 캐릭터만 멋있음!,10
영화관에서 이렇게 웃기는 처음이에요 ㅋㅋㅋㅋ 개콘보다 재밌음ㅋㅋㅋㅋ,10
흔해빠진 과거 회상씬 같은 것 없이 오로지 관객의 상상력에 의존한 것이 신의 한 수.,10
기대이상의 영화..!!,10
인생에서 놓치지 말아야할 중요한 의미를 담고 있어요! 하지만 엄청 웃겨요~~~ 연인이나 가족이 함께 보시면 좋을 것 같아요! 꼭 추천드리고 싶은 영화입니다!,10
진짜 백번 추천합니다.특히 3040기혼분들 너무 공감될듯요.사회적 소수자에 대한 생각도 해보았어요~,10
완전  웃겨 죽는줄 ...영화관에서 이렇게 웃어보긴 첨인듯 하네요,10
겉과 다르게 안보이는 내면에는작은악마 하나쯤은 다들 살고있는듯하다,10
웬만하면 후기 같은거 한번도 안남기는데..진짜 재밌다 커플이서 꼭 보길,10
웃길땐 웃기면서도 묘한 여운을 주는 블랙코미디,10
"오랜만에 극장에서 실컷 웃었다. 웃다가 끝나는 것이 아니라 긴장과 스릴도 있고, 묵직한 생각거리도 있는 재밌는 영화다.",10
제대로공포영화.지렸다,10
관람객이 하나가되어 웃었다 존잼!!,10
사생활은 사생활일때 사생활이다,10
잼있다  한번더 보고 싶다,10
우리가 당연히 알고 있다고 생각하는 사람들은 사실 완벽한 타인인지도 모르겠습니다. 많은 생각을 하게 맏늘어주는 영화네요.,10
"연기력, 소재 완벽함.. 명작..",10
이재규 감독님 이 영화를 기획해주셔서 감사합니다. 당신 최고야,10
이 영화는 안본사람이 루저다,10
첨에 넘 비급영화일까바 걱정했는데 정말 웃기네요 생각할거리도 좀 있는것같고 근래들어 이렇게 영화관에서 사람들 많이 웃는건 첨본거같네요,10
오랜만에 대사하나하나 배우들의 표정 행동등에 몰입한 영화였습니다,10
보고 느끼는게 있다면 나이가 들었단거에요,10
역시 유해진~완벽한 타인 꼭 보시길,10
"엄청난 비빔밥이다, 정말 맛있다..,",10
초반에 다들 먼가좀어색한 연기 단체식사씬부터 자연스러운듯 좋은배우들데려다 막만든영화 이서진OOO,4
아무리 가까워도 우린 완벽한 타인이다.,10
ㅋ 육갑이 이후로 한 건 한 유해지니!! 육아스트레스 날려주셔서 감사해요♡,10
치밀하게 잘 짜여진 스토리 숨 한번 돌릴 틈없이 쏟아지는 상황과 유머로 극찬을 할 수 밖에 없도록 만드는 영화,10
우리나라 영화도 아이디어만으로 훌륭한 작품을 만들수 있다는걸 보여준 영화라고 생각함. 각본 쓴 사람이 누군지는 몰라도 정말 대사 하나하나에 공을 들인 느낌이 남. 각본이 정말 천재적인듯.,9
대박이다!!~!!! 소름끼쳐 !~!!!!핸드폰의 무서움 !~!!! 연기들은 왜케잘해..!!!!,10
올해본 영화중 탑5 레알,10
탄탄한 각본 탄탄한 연기는 재미와 완성도 두 가지를 다 잡았다.,9
이렇게 주체할수 없이 웃긴 영화는 처음입니디.스트레스가 확 날아가요.하지만 막이 내린후 깊은 여운도 장난아니에요.,10
어? 이거 보고잡아지네. 연기파 배우들 총출동이구만,10
너무 재밌어요.. 현실적인 공감 99%,10
새롭고 사색적영화 좋습니다,10
유해진 ㄹㅇ진또배기 배우다ㅋㅋㅋㅋ영화 시작부터 이서진이 제일부럽다,10
난장판을 수습 못해서 이런 결말을 냈다는 느낌도 들지만 주제를 표현하기엔 적절했다고 본다. 재미는 확실함 ㅋㅋㅋㅋ,8
커플 백퍼 싸웁니다 보고 나왔는데 서로 핸드폰 만질때마다 눈치봄,8
김지수 나쁜년 제일 얄미웠음,8
인간관계에 트라우마있으시면 안보시는게 정신 건강에 도움될거같아요 영화가 말하고자하는 바는 알겠지만 집에와서 계속 울었던 영화네요 씁쓸했어요 보고나서,2
이게재밌다고?? 노잼..,2
불륜이 옳은건 아닌데 정당화하는 찜찜한 느낌.. 그냥 영화 전체가 찜찜함,1
평점 처음 남깁니다...,1
공감이란 전혀 할 수 없고 한국식의 끝을 달리는 전개에 결말은 중반부터 유치원생이면 알 수 있는 결말  웃기기 위한 영화도 아니고 성찰을 할 수 있게 하는 영화도 아니고 이 영화의 목적과 방향이 궁금하다...,1
정말 기분 나쁜 영화 말하고자 하는 바는 아주  확실하게 알겠는데 이거 각색한 사람이 어떤 사람인지 확실하게 잘 알겠슴,1
개핵쓰레기 영화 내용 긴밀성 모두가 핵쓰레기 ㄷㄷ 아 내시간,1
보지 마세요. 남자들은 다 개 쓰레기로 만들고 차라리 게이 낮다라는 메시지를 전달하는 영화임.,1
"남자 넷 중에 한명은 두 명은 불륜, 한명은 동성애, 한명은 정신과 치료..;; 여자는 한명 뒷담화가 끝이고 나머지는 당하는입장에 일편단심 아내로 그린 영화네.. 남자를 인간말종으로 떨어트린 남혐인 현 분위기를 노린...",1
개 재미없는데 뭔 호평이? 어이가없네ㆍㆍㆍ이게 잼있다고? 이게?이게? 오우 쉣! 양심을걸고 댓글들 쓰셔요ㆍ댓글보고 영화보러갔다 정신병자될뻔ㆍ승질나고 스트래스받고ㆍ집구석에서 다운받아보세요ㆍ보기싫음 끄면되니ㆍ영화관에서 ...,1
아니 염정아 누님 무슨 팬티를 입었는지 보여줘야 공감을 하던지 말던지 할꺼아니오..   관객모독아닙니까?,1
자칭 부랄친구라는것들이만들어내는 간신배스럽고 얄팍하고남보다 못한 우정 ㅋㅋㅋㅋ저런친구들이 평생지기라면노답,1
초중반까지는 신박한 주제로 기대를 이끌었고 중반부부터 후반부까지의 '지1랄'의 향연에 헛웃음 밖에 안나오다가 인셉션 오마주 반지 돌리기 이후로 급 다른 가정 보여주면서 해피엔딩으로 걸작 코스프레 이딴게...,6
평점 9 관객 5백만 ??? 이상한 이야기 Why ???,1
보는내내 잤어요 불쾌한내용,1
보는내내 불편한 영화였다 시대의 흐름도 전혀 못 읽는 감독,1
완전 이상하고 기분 이상한 영화,1
영화 끝나고 기분이 드러워짐... 드라마 수준의 영화를...ㅋㅋ 마케팅 끝판왕~ 대박,1
9.2점은 절대 아닌영화. 한국영화의 후퇴,1
별점 1점도 아까워요 외모비하 저학력자비하 성희롱 불륜 동성애비하.. 블랙코미디면 웃기기라도 해야 블랙코미디지 너무 저급해서 웃기지도 않음 ㅠ,1
누가누가 더 쓰레기인지 대결하는 영화. 정말 최악이다,1
진짜 지루하고 억지스러운 스토리 막장영화 이서진씨 간만에 하는 영화 캐릭터 너무 안어을리네요이서진씨 너무 좋아하는데 ㅠㅠ요즘한국영화 별로인데 이영화이후로 당분간 한국영화 안볼꺼같아요 실망 ㅠㅠ,2
같이 보자고 한 사람이 미안할정도로 재미없던데지루하고 몇번 나가고싶었는데 상대가 보여주는거라 참음 주연들의 억지 웃기려는듯한 대사(욕등) 이야기 전개는 정말 지루하기 짝이없고개인적으로 정말 아무 의미도 재미도 없음,3
기대하고 가면 실망합니다. 웃기긴 하지만 지루하고 허무합니다.,1
보지마세요  돈아깝고  거져먹을 려구  진짜  시간아까워요,2
정말간만에낚겼다...,1
지루했습니다 제 기준으로는,1
평점이 9점대는 아닌거 같고요..평점 맞출려고 1점 드립니다.보고나면 남는거 없는 영화.그냥 웃으면서 보는 영화.,1
불쾌하고 불쌍한 사람들 이야기.,1
끼리끼리 노는구나 싶었음ㅋㅋ,1
"장소변화없이  그래 연기는 그렇다치고 영상미는 제로임,1위길래 봤는데 현재2위인 보헤미안 렙소디를 보고 봐서인지 질떨어진다는 생각이듬, 3쌍의 부부, 1명 ㄴ노는거 찍는건가??평점 9점대 이상인 댓글 영화안본 알바인...",1
좋은 주제를 가지고 스토리를 이런 식으로 밖에.,2
그저 소수의 입장을 합리화 한 영화일 뿐.모두 다 그렇다 라고 단정 짓는 마지막 엔딩은 참 별로였네요.,2
15세관람가라니 기겁.. 보고 씁쓸해서 기분이 나빠지는 영화.. 돈이 아까웠어요.. 영화 같이본 친구들과 우리는 이렇게 안 살고 있으니 잘살고 있다고 위안을 삼자 하며 영화관을 나왔네요.,4
배우들이 아깝다. 이탈리아 원작은 어땟을지 모르지만 의미부여하는 꼰대질에서 철지난 감각의 아재의 향취가 물씬 풍기더라. 뭐 다른 관객들은 표정이 밝더라. 재밌으면 된건가?  티브이드라마 좋아하면 좋게볼거임 난 노잼....,4
평점 너무 좋길래 기대하고 가서 봤다가 영화보고 기분 완전 다운되고 찜찜해짐 남자친구랑 사이 서먹해지고..,1
평점이 넘 높다6점정도의 영화,1
"조였다, 풀었다 사람 피곤하게 만드는 영화. 지나침이 독이라는걸 알게해주는 영화.억지는 헛웃음을 유발한다는걸 모르는 영화.",4
영화 자체는 웃겼는데서 나도모르게 점점 불쾌해지고 보고나니 기분이 더럽다,5
억지스러운 내용에 재미를 못느낌 .개인적으로는 두번은 절대 보기싫은 영화.,2
어쩌면 모르는게 약인 세상.,10
배우들 개런티외 제작비 진짜 안들었을 듯.영화는 제작비가 다가 아니더라는.,10
잼났어요 창궐이딴거보단 훨씬 탄탄,10
9점대 평점이면 속는셈치고라도 보러가면 된다.,10
안봤으면 후회할뻔한 너무재미있는 영화였어요^^!!,10
진짜색다르고신선했습니다 완전강추,10
별 생각없이봤던 영화였는데 진짜 재밌었어요! 유머도있고 배우분들 연기도 좋았고 대사들도 그저 재밌지만은않은 영화끝나고 다시 되뇌어보는 의미있는것도 많았던거같아요~,10
근래 본 영화 중 최고 말이 필요없다큰 웃음이랑 소름돋는 반전 생각할만한 주제들 모두 만족한국영화 특유의 뻔한 스토리 사극 이런거 좀 그만 우려먹고 이렇게만 만들었으면,10
솔까 재밌다  꼭봐라 3번은 웃는다,10
역대급이었음 정말  한국영화에서 이런 소재로 낼 줄은 몰랐다처음에는 역대급 라인업 배우들이 한자리에서실생활 연기하는게 궁금해서 보려고 했지만관람후에는 영화 제목처럼 우리들은 아무리 친한사람들앞에서도 완벽한 타인에 불...,10
진짜 존잼탱구리 또 보러가려구요,10
이서진 OOO 욕하는거 어색 감정표현??이서진은 무거운 연기만 하길 바람ㅋ조진웅 유해진 연기도 아쉬움..염정아 ㅇㅈ ㅇㅇㅈ!마무리가 인셉션 오마쥬?변비같은 영화보다가....쾌변을 쌌다는 구라를 치는 영화,2
쫄깃하게 꽤나 잘 만든 영화. 군더더기가 조금 있어서 아쉽긴 하지만 남자사람들 떼거지로 나오는 그렇고 그런 영화가 아니라 반갑기까지.,8
시간이 아깝지 않은 영화,10
진짜 재밌었어요 한국영화보고 이렇게 웃은건 처음,10
돈주고 보긴 좀 아깝네요허 참,6
총체적 난국 그자체 ...,6
억지요소 다분 평점으론 6점대에서 7점대 주고싶음,6
여러번 웃은 건 사실 맞다 그러나 마음껏 웃었다기보다는 뭔가 불편하고 어색한 것이 함께여서 개운한 맘은 들지 않았다. 연기가 괜히 날서 있는 듯한 여튼 끝나고 약간의 헛웃음이 나온다,7
아 진심 쩐다 숨막히게 재밌음,10
저알바아니고 이런거잘안쓰고 보기만하는데 또보고싶은영화네요진짜 배우들의 표정행동말투하나하나가 다쏙쏙들어오는...올해 봤었던 한국영화 중에 돈이 안아까웠던 영화입니다 존잼ㅠㅠ,10
어제 보고 왔는데 눈물날정도로 웃었어요 최고!!!,10
